101,101
0,1.44829,2.89716,4.34721,5.79903,7.25319,8.71031,10.171,11.6358,13.1053,14.5803,16.0612,17.5487,19.0435,20.5461,22.0573,23.5777,25.108,26.6488,28.2009,29.765,31.3417,32.9319,34.5362,36.1555,37.7904,39.4419,41.1107,42.7976,44.5035,46.2291,47.9754,49.7433,51.5335,53.3469,55.1844,57.0469,58.9352,60.8501,62.7924,64.7628,66.7619,68.7905,70.849,72.9378,75.0572,77.2073,79.388,81.599,83.8398,86.1097,88.4074,90.7316,93.0806,95.4523,97.8441,100.253,102.677,105.112,107.554,110,110,110,110,110,110,110,110,110,110,110,110,110,110,110,110,110,110,110,110,110,110,110,110,110,110,110,110,110,110,110,110,110,110,110,110,110,110,110,110,110,
0,1.448,2.89658,4.34633,5.79785,7.25172,8.70854,10.1689,11.6334,13.1027,14.5773,16.0579,17.5451,19.0395,20.5419,22.0527,23.5728,25.1027,26.6432,28.1949,29.7586,31.335,32.9248,34.5287,36.1476,37.7822,39.4333,41.1016,42.7881,44.4936,46.2188,47.9647,49.7321,51.5218,53.3349,55.172,57.034,58.9219,60.8364,62.7783,64.7484,66.7472,68.7756,70.8339,72.9225,75.0419,77.192,79.3728,81.5841,83.8253,86.0957,88.3942,90.7193,93.0693,95.4421,97.8354,100.246,102.672,105.108,107.552,110,110,110,110,110,110,110,110,110,110,110,110,110,110,110,110,110,110,110,110,110,110,110,110,110,110,110,110,110,110,110,110,110,110,110,110,110,110,110,110,110,
0,1.44712,2.89482,4.34369,5.79432,7.2473,8.70322,10.1627,11.6263,13.0946,14.5683,16.048,17.5342,19.0277,20.5291,22.0389,23.558,25.0869,26.6263,28.177,29.7396,31.3149,32.9036,34.5064,36.1241,37.7574,39.4073,41.0745,42.7597,44.4639,46.1878,47.9324,49.6985,51.487,53.2987,55.1345,56.9953,58.882,60.7953,62.7361,64.7051,66.7031,68.7306,70.7883,72.8766,74.9957,77.146,79.3272,81.5393,83.7817,86.0537,88.3542,90.682,93.0351,95.4117,97.8091,100.225,102.655,105.097,107.546,110,110,110,110,110,110,110,110,110,110,110,110,110,110,110,110,110,110,110,110,110,110,110,110,110,110,110,110,110,110,110,110,110,110,110,110,110,110,110,110,110,
0,1.44565,2.89189,4.33929,5.78845,7.23995,8.69437,10.1523,11.6144,13.0812,14.5534,16.0315,17.5161,19.008,20.5077,22.016,23.5333,25.0605,26.5982,28.1471,29.7079,31.2814,32.8682,34.4691,36.0848,37.7162,39.3641,41.0292,42.7123,44.4144,46.1362,47.8787,49.6426,51.4289,53.2384,55.0721,56.9308,58.8154,60.7268,62.6657,64.633,66.6294,68.6556,70.7122,72.7997,74.9186,77.0689,79.2508,81.4641,83.7085,85.9831,88.2872,90.6192,92.9776,95.3603,97.7647,100.188,102.627,105.078,107.537,110,110,110,110,110,110,110,110,110,110,110,110,110,110,110,110,110,110,110,110,110,110,110,110,110,110,110,110,110,110,110,110,110,110,110,110,110,110,110,110,110,
0,1.4436,2.88779,4.33314,5.78023,7.22966,8.682,10.1379,11.5978,13.0625,14.5325,16.0084,17.4908,18.9805,20.4779,21.9838,23.4989,25.0237,26.5589,28.1054,29.6637,31.2345,32.8187,34.4169,36.03,37.6586,39.3036,40.9658,42.6461,44.3452,46.064,47.8034,49.5643,51.3475,53.154,54.9847,56.8404,58.7221,60.6306,62.5669,64.5317,66.5259,68.5502,70.6052,72.6916,74.8099,76.9603,79.143,81.3579,83.6049,85.8832,88.1921,90.5302,92.8959,95.2871,97.7014,100.136,102.587,105.05,107.523,110,110,110,110,110,110,110,110,110,110,110,110,110,110,110,110,110,110,110,110,110,110,110,110,110,110,110,110,110,110,110,110,110,110,110,110,110,110,110,110,110,
0,1.44098,2.88253,4.32524,5.76969,7.21645,8.66612,10.1193,11.5765,13.0384,14.5057,15.9788,17.4584,18.9451,20.4397,21.9426,23.4546,24.9764,26.5085,28.0517,29.6068,31.1743,32.7552,34.3499,35.9595,37.5846,39.226,40.8845,42.561,44.2563,45.9712,47.7067,49.4637,51.2429,53.0455,54.8722,56.724,58.6019,60.5068,62.4395,64.4011,66.3923,68.4139,70.4668,72.5517,74.669,76.8193,79.0029,81.2198,83.4699,85.7528,88.0677,90.4135,92.7886,95.191,97.6181,100.067,102.534,105.014,107.505,110,110,110,110,110,110,110,110,110,110,110,110,110,110,110,110,110,110,110,110,110,110,110,110,110,110,110,110,110,110,110,110,110,110,110,110,110,110,110,110,110,
0,1.43777,2.87611,4.31561,5.75682,7.20034,8.64674,10.0966,11.5505,13.0091,14.4729,15.9426,17.4188,18.902,20.393,21.8923,23.4006,24.9186,26.447,27.9863,29.5374,31.1009,32.6776,34.2682,35.8735,37.4942,39.1312,40.7852,42.4571,44.1477,45.8579,47.5886,49.3407,51.1151,52.9127,54.7346,56.5816,58.4548,60.355,62.2834,64.2408,66.2282,68.2465,70.2965,72.3792,74.4952,76.6451,78.8294,81.0484,83.3021,85.5903,87.9125,90.2675,92.6541,95.0702,97.5132,99.9799,102.467,104.969,107.482,110,110,110,110,110,110,110,110,110,110,110,110,110,110,110,110,110,110,110,110,110,110,110,110,110,110,110,110,110,110,110,110,110,110,110,110,110,110,110,110,110,
0,1.43399,2.86855,4.30425,5.74166,7.18135,8.6239,10.0699,11.5199,12.9745,14.4344,15.9,17.3721,18.8512,20.3379,21.833,23.337,24.8506,26.3744,27.9092,29.4556,31.0144,32.5862,34.1719,35.7721,37.3876,39.0193,40.668,42.3344,44.0195,45.7241,47.4491,49.1954,50.964,52.7558,54.5718,56.4131,58.2805,60.1752,62.0982,64.0505,66.0332,68.0472,70.0937,72.1735,74.2875,76.4365,78.6213,80.8423,83.0998,85.3939,87.7243,90.0901,92.4901,94.9224,97.3845,99.8731,102.384,104.913,107.453,110,110,110,110,110,110,110,110,110,110,110,110,110,110,110,110,110,110,110,110,110,110,110,110,110,110,110,110,110,110,110,110,110,110,110,110,110,110,110,110,110,
0,1.42964,2.85985,4.29118,5.72421,7.1595,8.59762,10.0392,11.4847,12.9348,14.39,15.851,17.3184,18.7927,20.2746,21.7647,23.2637,24.7722,26.2909,27.8204,29.3614,30.9147,32.481,34.0609,35.6553,37.2649,38.8905,40.533,42.1931,43.8718,45.5699,47.2882,49.0278,50.7897,52.5747,54.3839,56.2183,58.079,59.9671,61.8837,63.8299,65.8068,67.8156,69.8575,71.9335,74.0447,76.1922,78.377,80.5997,82.861,85.1613,87.5006,89.8784,92.2937,94.7449,97.2294,99.7438,102.284,104.844,107.418,110,110,110,110,110,110,110,110,110,110,110,110,110,110,110,110,110,110,110,110,110,110,110,110,110,110,110,110,110,110,110,110,110,110,110,110,110,110,110,110,110,
0,1.42473,2.85001,4.27642,5.7045,7.13482,8.56794,10.0044,11.4449,12.8898,14.3399,15.7956,17.2577,18.7266,20.2031,21.6876,23.181,24.6837,26.1965,27.7201,29.255,30.8021,32.362,33.9355,35.5233,37.1262,38.7449,40.3804,42.0333,43.7047,45.3953,47.1061,48.8381,50.5922,52.3693,54.1707,55.9972,57.8501,59.7305,61.6396,63.5785,65.5485,67.5509,69.5871,71.6582,73.7657,75.9107,78.0946,80.3185,82.5833,84.8898,87.2384,89.6292,92.0615,94.534,97.0443,99.589,102.163,104.762,107.377,110,110,110,110,110,110,110,110,110,110,110,110,110,110,110,110,110,110,110,110,110,110,110,110,110,110,110,110,110,110,110,110,110,110,110,110,110,110,110,110,110,
0,1.41926,2.83907,4.25998,5.68255,7.10733,8.53488,9.96576,11.4005,12.8398,14.2841,15.734,17.1901,18.653,20.1234,21.6018,23.0888,24.5852,26.0915,27.6084,29.1365,30.6767,32.2295,33.7958,35.3762,36.9716,38.5826,40.2102,41.8551,43.5183,45.2006,46.9029,48.6262,50.3715,52.1399,53.9323,55.7499,57.5938,59.4653,61.3656,63.296,65.2578,67.2526,69.2817,71.3467,73.449,75.5904,77.7723,79.9963,82.2638,84.576,86.9341,89.3385,91.7892,94.2853,96.8248,99.4045,102.019,104.663,107.326,110,110,110,110,110,110,110,110,110,110,110,110,110,110,110,110,110,110,110,110,110,110,110,110,110,110,110,110,110,110,110,110,110,110,110,110,110,110,110,110,110,
0,1.41324,2.82702,4.24189,5.65839,7.07708,8.49849,9.9232,11.3517,12.7847,14.2226,15.6661,17.1157,18.5721,20.0357,21.5073,22.9874,24.4767,25.9758,27.4854,29.0061,30.5386,32.0836,33.6419,35.2142,36.8012,38.4038,40.0227,41.6587,43.3128,44.9858,46.6787,48.3924,50.1279,51.8863,53.6687,55.4761,57.3099,59.1712,61.0615,62.982,64.9343,66.9199,68.9405,70.9977,73.0934,75.2295,77.4079,79.6306,81.8995,84.2166,86.5834,89.0015,91.4714,93.9931,96.5652,99.1848,101.847,104.543,107.265,110,110,110,110,110,110,110,110,110,110,110,110,110,110,110,110,110,110,110,110,110,110,110,110,110,110,110,110,110,110,110,110,110,110,110,110,110,110,110,110,110,
0,1.40667,2.81388,4.22216,5.63205,7.04409,8.45882,9.87679,11.2985,12.7246,14.1556,15.5921,17.0346,18.4837,19.9401,21.4042,22.8768,24.3584,25.8496,27.3512,28.8638,30.388,31.9245,33.4741,35.0375,36.6154,38.2086,39.818,41.4443,43.0884,44.7512,46.4337,48.1367,49.8614,51.6088,53.38,55.1761,56.9984,58.8483,60.7271,62.6363,64.5774,66.5523,68.5626,70.6103,72.6975,74.8263,76.9992,79.2186,81.4871,83.8073,86.1816,88.6125,91.1018,93.6505,96.2582,98.9227,101.639,104.399,107.191,110,110,110,110,110,110,110,110,110,110,110,110,110,110,110,110,110,110,110,110,110,110,110,110,110,110,110,110,110,110,110,110,110,110,110,110,110,110,110,110,110,
0,1.39957,2.79967,4.20082,5.60356,7.00841,8.41591,9.8266,11.241,12.6597,14.0832,15.5121,16.9469,18.3882,19.8366,21.2927,22.7571,24.2304,25.7132,27.2061,28.7098,30.225,31.7523,33.2925,34.8462,36.4142,37.9974,39.5964,41.2121,42.8453,44.497,46.1681,47.8595,49.5723,51.3075,53.0663,54.8498,56.6594,58.4965,60.3623,62.2586,64.1869,66.1492,68.1473,70.1834,72.2598,74.3791,76.544,78.7576,81.023,83.3437,85.7233,88.1653,90.6729,93.2488,95.8944,98.6088,101.388,104.223,107.1,110,110,110,110,110,110,110,110,110,110,110,110,110,110,110,110,110,110,110,110,110,110,110,110,110,110,110,110,110,110,110,110,110,110,110,110,110,110,110,110,110,
0,1.39194,2.78441,4.1779,5.57296,6.97009,8.36982,9.77268,11.1792,12.5899,14.0054,15.4261,16.8527,18.2856,19.7255,21.173,22.6286,24.0929,25.5666,27.0502,28.5444,30.0499,31.5673,33.0973,34.6406,36.198,37.7702,39.358,40.9623,42.5837,44.2234,45.8821,47.5608,49.2606,50.9826,52.7278,54.4975,56.2931,58.1158,59.9671,61.8488,63.7625,65.7102,67.694,69.7161,71.7793,73.8863,76.0402,78.2447,80.5037,82.8214,85.2026,87.6523,90.1757,92.7775,95.4618,98.2302,101.081,104.005,106.986,110,110,110,110,110,110,110,110,110,110,110,110,110,110,110,110,110,110,110,110,110,110,110,110,110,110,110,110,110,110,110,110,110,110,110,110,110,110,110,110,110,
0,1.3838,2.76811,4.15343,5.54028,6.92917,8.3206,9.71511,11.1132,12.5154,13.9223,15.3343,16.752,18.1761,19.6069,21.0451,22.4913,23.9461,25.41,26.8837,28.3677,29.8628,31.3696,32.8888,34.421,35.967,37.5275,39.1033,40.6952,42.304,43.9307,45.5761,47.2411,48.9269,50.6344,52.3649,54.1195,55.8995,57.7064,59.5416,61.4069,63.3041,65.2351,67.2023,69.2079,71.2549,73.3464,75.4859,77.6774,79.9255,82.2355,84.6134,87.0657,89.5999,92.2239,94.9451,97.7696,100.7,103.729,106.841,110,110,110,110,110,110,110,110,110,110,110,110,110,110,110,110,110,110,110,110,110,110,110,110,110,110,110,110,110,110,110,110,110,110,110,110,110,110,110,110,110,
0,1.37515,2.75079,4.12743,5.50556,6.88569,8.26832,9.65395,11.0431,12.4363,13.834,15.2368,16.6451,18.0597,19.4809,20.9093,22.3455,23.7901,25.2437,26.7068,28.1801,29.6641,31.1596,32.6672,34.1876,35.7214,37.2694,38.8325,40.4112,42.0065,43.6193,45.2504,46.9008,48.5714,50.2634,51.9778,53.716,55.4791,57.2686,59.0861,60.9333,62.8119,64.724,66.672,68.6584,70.6862,72.7586,74.8795,77.0535,79.2856,81.5819,83.9496,86.3972,88.9345,91.5729,94.325,97.2036,100.219,103.372,106.648,110,110,110,110,110,110,110,110,110,110,110,110,110,110,110,110,110,110,110,110,110,110,110,110,110,110,110,110,110,110,110,110,110,110,110,110,110,110,110,110,110,
0,1.366,2.73248,4.09994,5.46885,6.83972,8.21303,9.58928,10.969,12.3526,13.7406,15.1336,16.5321,17.9366,19.3476,20.7657,22.1914,23.6252,25.0678,26.5197,27.9816,29.454,30.9375,32.4329,33.9407,35.4616,36.9965,38.5459,40.1107,41.6916,43.2896,44.9054,46.5401,48.1945,49.8698,51.5671,53.2875,55.0323,56.803,58.601,60.4281,62.2861,64.177,66.1033,68.0675,70.0727,72.1222,74.2202,76.3714,78.5813,80.8568,83.206,85.6389,88.1679,90.8082,93.5786,96.501,99.5993,102.892,106.378,110,110,110,110,110,110,110,110,110,110,110,110,110,110,110,110,110,110,110,110,110,110,110,110,110,110,110,110,110,110,110,110,110,110,110,110,110,110,110,110,110,
0,1.35636,2.7132,4.07098,5.4302,6.79131,8.15481,9.52117,10.8909,12.2644,13.6423,15.025,16.4131,17.807,19.2073,20.6144,22.029,23.4515,24.8826,26.3228,27.7726,29.2327,30.7036,32.186,33.6806,35.188,36.7089,38.2439,39.7939,41.3597,42.942,44.5417,46.1596,47.7968,49.4543,51.1332,52.8345,54.5596,56.3099,58.0868,59.892,61.7273,63.5948,65.4967,67.4357,69.4148,71.4374,73.5077,75.6305,77.8116,80.058,82.3787,84.7846,87.29,89.9136,92.68,95.6226,98.7852,102.221,105.972,110,110,110,110,110,110,110,110,110,110,110,110,110,110,110,110,110,110,110,110,110,110,110,110,110,110,110,110,110,110,110,110,110,110,110,110,110,110,110,110,110,
0,1.34625,2.69297,4.04061,5.38963,6.74052,8.09372,9.44972,10.809,12.172,13.5392,14.9111,16.2882,17.671,19.0601,20.4558,21.8587,23.2694,24.6883,26.1161,27.5533,29.0005,30.4582,31.9271,33.4078,34.9009,36.4071,37.927,39.4615,41.0112,42.577,44.1596,45.7599,47.3789,49.0175,50.6768,52.3578,54.0618,55.7902,57.5443,59.3258,61.1364,62.9781,64.853,66.7638,68.7133,70.705,72.7427,74.8313,76.9764,79.1851,81.4661,83.8308,86.294,88.876,91.6053,94.5242,97.6984,101.233,105.288,110,110,110,110,110,110,110,110,110,110,110,110,110,110,110,110,110,110,110,110,110,110,110,110,110,110,110,110,110,110,110,110,110,110,110,110,110,110,110,110,110,
0,1.33568,2.67181,4.00884,5.34722,6.6874,8.02985,9.375,10.7233,12.0753,13.4314,14.792,16.1577,17.5289,18.9061,20.2899,21.6806,23.0789,24.4852,25.9001,27.3241,28.7578,30.2017,31.6564,33.1225,34.6007,36.0915,37.5957,39.1138,40.6467,42.1951,43.7598,45.3416,46.9413,48.56,50.1986,51.8581,53.5397,55.2448,56.9745,58.7305,60.5144,62.328,64.1735,66.0532,67.9698,69.9265,71.927,73.9756,76.0777,78.2398,80.4699,82.7785,85.1793,87.6911,90.3409,93.1704,96.2511,99.7258,103.946,110,110,110,110,110,110,110,110,110,110,110,110,110,110,110,110,110,110,110,110,110,110,110,110,110,110,110,110,110,110,110,110,110,110,110,110,110,110,110,110,110,
0,1.32466,2.64975,3.97572,5.303,6.63203,7.96326,9.29711,10.634,11.9745,13.319,14.6678,16.0216,17.3807,18.7457,20.117,21.4951,22.8804,24.2735,25.675,27.0852,28.5048,29.9343,31.3743,32.8252,34.2878,35.7626,37.2502,38.7514,40.2668,41.797,43.3429,44.9053,46.4849,48.0826,49.6994,51.3363,52.9943,54.6746,56.3785,58.1073,59.8627,61.6462,63.4598,65.3056,67.1862,69.1042,71.063,73.0664,75.119,77.2263,79.3952,81.634,83.9536,86.3682,88.8968,91.5654,94.4098,97.4731,100.77,104.048,105.446,106.168,106.603,106.897,107.112,107.277,107.409,107.517,107.608,107.686,107.753,107.812,107.864,107.91,107.951,107.987,108.02,108.05,108.077,108.102,108.124,108.144,108.163,108.18,108.195,108.209,108.221,108.233,108.243,108.252,108.26,108.267,108.273,108.279,108.283,108.287,108.289,108.291,108.292,108.293,
0,1.3132,2.62682,3.94129,5.25704,6.57447,7.89403,9.21615,10.5412,11.8698,13.2021,14.5388,15.8802,17.2267,18.579,19.9373,21.3022,22.6741,24.0536,25.441,26.837,28.242,29.6565,31.0811,32.5163,33.9627,35.4208,36.8913,38.3748,39.8719,41.3833,42.9096,44.4517,46.0103,47.5861,49.1802,50.7933,52.4265,54.0808,55.7575,57.4576,59.1827,60.9342,62.7138,64.5234,66.365,68.2411,70.1544,72.108,74.1056,76.1514,78.2505,80.4087,82.633,84.9314,87.3127,89.7847,92.3494,94.9869,97.6127,99.9776,101.569,102.622,103.348,103.874,104.273,104.587,104.841,105.052,105.23,105.383,105.515,105.631,105.733,105.824,105.905,105.978,106.044,106.103,106.157,106.206,106.25,106.291,106.327,106.361,106.391,106.419,106.444,106.466,106.487,106.505,106.521,106.535,106.547,106.558,106.567,106.574,106.579,106.583,106.586,106.587,
0,1.30132,2.60305,3.9056,5.20937,6.51479,7.82226,9.1322,10.445,11.7611,13.081,14.405,15.7335,17.0671,18.4061,19.751,21.1023,22.4603,23.8256,25.1986,26.5798,27.9696,29.3686,30.7773,32.1962,33.6259,35.0667,36.5195,37.9846,39.4627,40.9545,42.4606,43.9817,45.5184,47.0715,48.6419,50.2303,51.8376,53.4648,55.1129,56.7831,58.4764,60.1942,61.9379,63.7091,65.5094,67.3409,69.2055,71.1057,73.044,75.0233,77.0467,79.1173,81.2382,83.4117,85.6378,87.9114,90.2163,92.5125,94.7164,96.6803,98.2299,99.403,100.292,100.977,101.519,101.956,102.317,102.62,102.878,103.1,103.294,103.464,103.614,103.748,103.868,103.976,104.074,104.162,104.242,104.314,104.38,104.44,104.495,104.545,104.59,104.631,104.669,104.702,104.733,104.76,104.784,104.805,104.823,104.839,104.852,104.863,104.871,104.877,104.881,104.882,
0,1.28903,2.57845,3.86867,5.16007,6.45306,7.74802,9.04537,10.3455,11.6488,12.9557,14.2666,15.5819,16.902,18.2274,19.5585,20.8956,22.2393,23.5899,24.9479,26.3138,27.6881,29.0711,30.4634,31.8654,33.2777,34.7008,36.1352,37.5814,39.04,40.5115,41.9966,43.4959,45.0101,46.5397,48.0855,49.6483,51.2288,52.8279,54.4464,56.0853,57.7456,59.4283,61.1345,62.8656,64.6228,66.4074,68.2211,70.0652,71.9414,73.8511,75.7956,77.7756,79.7909,81.8393,83.9153,86.0069,88.0917,90.1303,92.06,93.7972,95.2674,96.4686,97.4391,98.2254,98.869,99.4026,99.851,100.232,100.561,100.846,101.095,101.316,101.512,101.687,101.844,101.985,102.113,102.229,102.334,102.429,102.516,102.596,102.668,102.734,102.794,102.848,102.897,102.942,102.982,103.018,103.05,103.078,103.102,103.123,103.14,103.154,103.165,103.173,103.178,103.179,
0,1.27635,2.55307,3.83056,5.10919,6.38934,7.67141,8.95576,10.2428,11.5329,12.8264,14.1238,15.4255,16.7317,18.043,19.3598,20.6824,22.0113,23.3468,24.6894,26.0396,27.3977,28.7643,30.1397,31.5244,32.9189,34.3236,35.7391,37.1658,38.6042,40.0549,41.5185,42.9954,44.4862,45.9916,47.5122,49.0486,50.6015,52.1715,53.7595,55.3662,56.9923,58.6387,60.3064,61.996,63.7086,65.445,67.2062,68.9927,70.8053,72.6441,74.509,76.3986,78.3104,80.2395,82.1771,84.1092,86.0134,87.857,89.596,91.1813,92.5738,93.765,94.7704,95.616,96.329,96.9342,97.4518,97.8982,98.2864,98.6265,98.9265,99.1927,99.4301,99.6429,99.8344,100.007,100.164,100.306,100.435,100.553,100.66,100.758,100.847,100.928,101.002,101.07,101.131,101.186,101.235,101.28,101.319,101.354,101.384,101.41,101.432,101.449,101.463,101.472,101.478,101.48,
0,1.26328,2.52693,3.79131,5.05678,6.32372,7.5925,8.86347,10.137,11.4135,12.6933,13.9768,15.2644,16.5564,17.8532,19.1553,20.4629,21.7766,23.0966,24.4234,25.7574,27.099,28.4486,29.8067,31.1736,32.5497,33.9356,35.3317,36.7384,38.1562,39.5855,41.0269,42.4809,43.9479,45.4284,46.9231,48.4324,49.957,51.4973,53.0539,54.6276,56.2187,57.8281,59.4561,61.1035,62.7706,64.458,66.1658,67.8942,69.6429,71.4112,73.1975,74.9994,76.8127,78.631,80.4446,82.2394,83.9958,85.6882,87.2859,88.7581,90.0813,91.2473,92.2617,93.1391,93.897,94.5532,95.1237,95.6223,96.0605,96.4476,96.7914,97.0982,97.3731,97.6205,97.8438,98.046,98.2295,98.3963,98.5483,98.6869,98.8134,98.9289,99.0342,99.1304,99.2179,99.2976,99.3698,99.4351,99.4939,99.5466,99.5934,99.6346,99.6704,99.7012,99.7269,99.7477,99.7639,99.7753,99.7822,99.7844,
0,1.24985,2.50005,3.75095,5.00291,6.25627,7.51139,8.76862,10.0283,11.2908,12.5565,13.8257,15.0988,16.3762,17.6582,18.9452,20.2375,21.5355,22.8396,24.1502,25.4676,26.7923,28.1245,29.4648,30.8134,32.1709,33.5375,34.9137,36.3,37.6966,39.1041,40.5229,41.9533,43.396,44.8511,46.3194,47.801,49.2967,50.8066,52.3314,53.8714,55.427,56.9987,58.5866,60.1912,61.8124,63.4504,65.1049,66.7754,68.4609,70.1601,71.8706,73.5889,75.3101,77.0273,78.7308,80.408,82.0422,83.6139,85.1014,86.484,87.7461,88.881,89.8901,90.7816,91.5667,92.258,92.8677,93.4069,93.8855,94.312,94.6933,95.0355,95.3437,95.6222,95.8744,96.1033,96.3117,96.5015,96.6748,96.833,96.9777,97.1098,97.2306,97.3409,97.4414,97.5329,97.6159,97.6911,97.7587,97.8193,97.8732,97.9207,97.962,97.9974,98.0271,98.0512,98.0697,98.083,98.0909,98.0935,
0,1.23607,2.47247,3.70955,4.94763,6.18706,7.42817,8.6713,9.91679,11.165,12.4162,13.6708,14.9291,16.1914,17.4582,18.7297,20.0063,21.2883,22.5762,23.8702,25.1706,26.4779,27.7925,29.1145,30.4446,31.7829,33.1298,34.4858,35.8511,37.2262,38.6114,40.0071,41.4137,42.8314,44.2608,45.7021,47.1557,48.622,50.1012,51.5937,53.0996,54.6193,56.153,57.7006,59.2621,60.8375,62.4263,64.028,65.6415,67.2654,68.8978,70.5357,72.1754,73.8115,75.4372,77.0435,78.6193,80.1512,81.624,83.0218,84.3302,85.5383,86.6403,87.6363,88.5305,89.3302,90.0443,90.682,91.2521,91.7628,92.2214,92.6343,93.0069,93.3442,93.65,93.9281,94.1813,94.4124,94.6234,94.8163,94.9928,95.1544,95.3022,95.4375,95.5611,95.6739,95.7766,95.87,95.9545,96.0306,96.0988,96.1595,96.213,96.2596,96.2995,96.3329,96.36,96.381,96.3959,96.4048,96.4078,
0,1.22195,2.44423,3.66714,4.89102,6.11618,7.34294,8.57163,9.80257,11.0361,12.2725,13.5121,14.7552,16.0022,17.2534,18.5091,19.7697,21.0354,22.3066,23.5836,24.8668,26.1564,27.4528,28.7564,30.0674,31.3862,32.7131,34.0484,35.3925,36.7457,38.1082,39.4805,40.8628,42.2554,43.6586,45.0726,46.4978,47.9344,49.3825,50.8424,52.3141,53.7977,55.2933,56.8005,58.3193,59.8492,61.3894,62.9392,64.4971,66.0615,67.6299,69.1992,70.7654,72.3233,73.8665,75.3867,76.8747,78.3193,79.7089,81.0316,82.2768,83.4364,84.5058,85.4842,86.3738,87.1794,87.9071,88.5639,89.1567,89.6922,90.1766,90.6154,91.0137,91.3759,91.7058,92.0067,92.2816,92.533,92.7633,92.9742,93.1675,93.3448,93.5072,93.656,93.7921,93.9165,94.0298,94.1329,94.2262,94.3104,94.3858,94.453,94.5122,94.5638,94.608,94.645,94.6751,94.6983,94.7149,94.7247,94.728,
0,1.20752,2.41534,3.62377,4.83312,6.04368,7.25578,8.46971,9.68578,10.9043,12.1255,13.3499,14.5775,15.8089,17.0442,18.2838,19.5279,20.777,22.0312,23.2909,24.5564,25.8281,27.1061,28.3908,29.6824,30.9814,32.2879,33.6023,34.9248,36.2557,37.5953,38.9439,40.3016,41.6687,43.0454,44.432,45.8285,47.2352,48.6521,50.0793,51.5167,52.9643,54.4218,55.889,57.3654,58.8504,60.343,61.8422,63.3463,64.8535,66.361,67.8658,69.3638,70.85,72.3185,73.7623,75.1733,76.5425,77.8608,79.1189,80.309,81.4248,82.4624,83.4208,84.3011,85.1063,85.8409,86.5098,87.1187,87.6728,88.1773,88.6372,89.0567,89.4399,89.7904,90.1112,90.4053,90.6749,90.9224,91.1497,91.3584,91.55,91.7259,91.8872,92.0349,92.17,92.2933,92.4054,92.5071,92.5989,92.6812,92.7544,92.8191,92.8754,92.9237,92.9641,92.997,93.0224,93.0404,93.0512,93.0548,
0,1.19277,2.38584,3.57948,4.77399,5.96967,7.16679,8.36566,9.56655,10.7698,11.9756,13.1843,14.3962,15.6115,16.8306,18.0538,19.2813,20.5134,21.7503,22.9925,24.24,25.4933,26.7526,28.0181,29.2902,30.569,31.8549,33.1481,34.4487,35.7571,37.0735,38.398,39.7309,41.0724,42.4225,43.7814,45.1491,46.5258,47.9114,49.3059,50.7091,52.1208,53.5407,54.9683,56.403,57.8439,59.2902,60.7403,62.1926,63.645,65.0949,66.5392,67.9738,69.3944,70.7954,72.1707,73.5136,74.8168,76.0727,77.2744,78.4155,79.4912,80.4983,81.4356,82.3035,83.104,83.8402,84.5159,85.1353,85.7028,86.2228,86.6992,87.136,87.5368,87.9047,88.2426,88.5533,88.839,89.1019,89.3438,89.5663,89.771,89.9591,90.1319,90.2904,90.4354,90.5679,90.6885,90.798,90.8968,90.9855,91.0645,91.1342,91.195,91.2471,91.2909,91.3263,91.3538,91.3733,91.385,91.3889,
0,1.17774,2.35576,3.53432,4.71371,5.8942,7.07606,8.25957,9.445,10.6326,11.8227,13.0155,14.2114,15.4104,16.6131,17.8195,19.03,20.2449,21.4643,22.6886,23.9179,25.1526,26.3929,27.639,28.8912,30.1497,31.4146,32.6863,33.9649,35.2506,36.5435,37.8439,39.1518,40.4674,41.7907,43.1219,44.4608,45.8075,47.1619,48.5238,49.893,51.2692,52.6518,54.0404,55.4342,56.8323,58.2334,59.6361,61.0388,62.4391,63.8346,65.2221,66.5981,67.9582,69.2979,70.6116,71.8937,73.1382,74.3389,75.4903,76.5874,77.6262,78.604,79.5197,80.3733,81.166,81.9,82.5782,83.2039,83.7805,84.3117,84.8009,85.2514,85.6664,86.0489,86.4013,86.7263,87.026,87.3023,87.5571,87.792,88.0085,88.2077,88.391,88.5592,88.7134,88.8544,88.9828,89.0995,89.2048,89.2995,89.3839,89.4584,89.5233,89.5791,89.6258,89.6638,89.6931,89.714,89.7265,89.7306,
0,1.16243,2.32513,3.48834,4.65233,5.81736,6.98369,8.15157,9.32127,10.493,11.6671,12.8438,14.0233,15.2058,16.3917,17.5812,18.7744,19.9718,21.1734,22.3795,23.5904,24.8063,26.0274,27.2539,28.4859,29.7238,30.9676,32.2176,33.474,34.7368,36.0061,37.2822,38.565,39.8547,41.1512,42.4546,43.7647,45.0815,46.4049,47.7345,49.07,50.411,51.7571,53.1074,54.4613,55.8175,57.175,58.5322,59.8872,61.2381,62.5822,63.9166,65.2381,66.5427,67.8262,69.0841,70.3115,71.5032,72.6545,73.7606,74.8176,75.8221,76.772,77.666,78.504,79.2867,80.0157,80.6931,81.3215,81.9037,82.4426,82.9412,83.4023,83.8287,84.223,84.5876,84.9246,85.2362,85.5243,85.7905,86.0363,86.2632,86.4724,86.665,86.8421,87.0046,87.1533,87.2889,87.4122,87.5236,87.6238,87.7131,87.792,87.8609,87.9199,87.9695,88.0098,88.0409,88.0631,88.0763,88.0807,
0,1.14687,2.29398,3.44158,4.58992,5.73923,6.88977,8.04176,9.19546,10.3511,11.5089,12.6692,13.8321,14.9979,16.1668,17.339,18.5148,19.6944,20.878,22.0658,23.258,24.4548,25.6565,26.8631,28.0748,29.2919,30.5145,31.7427,32.9766,34.2164,35.462,36.7137,37.9714,39.2351,40.5048,41.7805,43.062,44.3491,45.6416,46.9392,48.2414,49.5479,50.858,52.171,53.4858,54.8016,56.1169,57.4303,58.7399,60.0438,61.3394,62.6242,63.8949,65.1482,66.3803,67.5872,68.7648,69.9089,71.0152,72.0801,73.1001,74.0727,74.9958,75.8683,76.6899,77.4611,78.1829,78.857,79.4853,80.0701,80.6139,81.119,81.5879,82.0231,82.4269,82.8013,83.1484,83.4701,83.7681,84.0441,84.2995,84.5356,84.7536,84.9546,85.1396,85.3096,85.4653,85.6075,85.7367,85.8537,85.9589,86.0528,86.1358,86.2082,86.2703,86.3225,86.3649,86.3977,86.421,86.435,86.4397,
0,1.13106,2.26234,3.39409,4.52652,5.65988,6.79438,7.93025,9.06772,10.207,11.3483,12.4919,13.638,14.7868,15.9385,17.0933,18.2514,19.413,20.5784,21.7476,22.921,24.0986,25.2806,26.4671,27.6584,28.8546,30.0558,31.262,32.4734,33.69,34.912,36.1392,37.3717,38.6096,39.8525,41.1006,42.3536,43.6112,44.8732,46.1392,47.4087,48.6812,49.9561,51.2325,52.5096,53.7861,55.0607,56.3321,57.5984,58.8577,60.1076,61.3457,62.5691,63.7748,64.9595,66.1197,67.2518,68.3521,69.4174,70.4444,71.4302,72.3727,73.2701,74.1215,74.9263,75.6848,76.3979,77.0666,77.6926,78.2776,78.8237,79.3329,79.8073,80.249,80.66,81.0423,81.3976,81.7276,82.0341,82.3184,82.582,82.826,83.0517,83.2601,83.4522,83.6289,83.7909,83.9389,84.0736,84.1956,84.3054,84.4034,84.4901,84.5657,84.6307,84.6853,84.7297,84.764,84.7884,84.803,84.8079,
0,1.11502,2.23025,3.34591,4.46221,5.57938,6.69762,7.81714,8.93816,10.0609,11.1855,12.3122,13.4413,14.5728,15.7071,16.8443,17.9845,19.128,20.2749,21.4254,22.5797,23.7379,24.9001,26.0665,27.2372,28.4123,29.5919,30.7761,31.9649,33.1584,34.3566,35.5594,36.7668,37.9788,39.1952,40.4158,41.6405,42.8689,44.1008,45.3356,46.573,47.8122,49.0527,50.2935,51.5338,52.7724,54.0079,55.239,56.464,57.6809,58.8876,60.0819,61.2611,62.4226,63.5633,64.6802,65.7703,66.8306,67.8579,68.8498,69.8037,70.7178,71.5906,72.4211,73.2089,73.9541,74.6572,75.319,75.9408,76.5241,77.0705,77.5817,78.0595,78.5056,78.922,79.3102,79.6719,80.0088,80.3221,80.6134,80.8839,81.1348,81.3672,81.582,81.7803,81.9628,82.1304,82.2836,82.4232,82.5497,82.6636,82.7653,82.8554,82.934,83.0016,83.0583,83.1045,83.1402,83.1656,83.1808,83.1858,
0,1.09876,2.19772,3.29708,4.39705,5.49781,6.59958,7.70254,8.80689,9.91283,11.0205,12.1302,13.242,14.3562,15.4728,16.5921,17.7143,18.8395,19.9678,21.0994,22.2345,23.3731,24.5154,25.6615,26.8115,27.9655,29.1235,30.2856,31.4518,32.6221,33.7966,34.975,36.1574,37.3437,38.5336,39.727,40.9237,42.1233,43.3254,44.5296,45.7353,46.942,48.1489,49.3551,50.5598,51.7617,52.9596,54.1521,55.3375,56.5142,57.6801,58.8332,59.9709,61.091,62.1908,63.2676,64.3188,65.3418,66.334,67.2931,68.2171,69.1043,69.9534,70.7635,71.5342,72.2655,72.9577,73.6114,74.2276,74.8075,75.3524,75.8638,76.3432,76.7921,77.2121,77.6046,77.9713,78.3134,78.6323,78.9293,79.2055,79.4621,79.7002,79.9205,80.1241,80.3118,80.4842,80.642,80.7859,80.9163,81.0339,81.139,81.232,81.3134,81.3832,81.4419,81.4897,81.5266,81.5529,81.5687,81.5739,
0,1.0823,2.16479,3.24765,4.33108,5.41525,6.50034,7.58655,8.67404,9.76301,10.8536,11.946,13.0404,14.137,15.2359,16.3372,17.4411,18.5478,19.6574,20.77,21.8857,23.0047,24.127,25.2527,26.3819,27.5147,28.6511,29.791,30.9346,32.0818,33.2325,34.3866,35.5441,36.7048,37.8685,39.035,40.204,41.3751,42.5479,43.722,44.8968,46.0716,47.2457,48.4183,49.5884,50.7549,51.9166,53.0721,54.2199,55.3584,56.4856,57.5996,58.6984,59.7797,60.8413,61.8807,62.8956,63.8838,64.8431,65.7715,66.6672,67.5288,68.3551,69.1453,69.899,70.616,71.2966,71.9413,72.5507,73.1259,73.6679,74.178,74.6574,75.1075,75.5296,75.925,76.2951,76.6412,76.9644,77.2659,77.5468,77.8081,78.0508,78.2758,78.4839,78.6759,78.8525,79.0143,79.162,79.2959,79.4167,79.5248,79.6205,79.7041,79.7761,79.8365,79.8857,79.9238,79.9509,79.9671,79.9725,
0,1.06566,2.13149,3.19767,4.26437,5.33175,6.4,7.46927,8.53973,9.61155,10.6849,11.7599,12.8367,13.9155,14.9965,16.0796,17.1652,18.2533,19.344,20.4374,21.5337,22.6329,23.7351,24.8404,25.9488,27.0603,28.175,29.2928,30.4138,31.5379,32.665,33.7949,34.9277,36.063,37.2007,38.3405,39.4821,40.6251,41.7692,42.9137,44.0581,45.2019,46.3441,47.484,48.6207,49.7531,50.8799,51.9999,53.1117,54.2137,55.3042,56.3814,57.4434,58.4883,59.5139,60.5182,61.4991,62.4548,63.3832,64.2826,65.1515,65.9886,66.7929,67.5637,68.3004,69.003,69.6715,70.3064,70.9081,71.4775,72.0154,72.5228,73.0009,73.4508,73.8737,74.2707,74.643,74.9918,75.3181,75.623,75.9076,76.1726,76.4192,76.648,76.8599,77.0555,77.2357,77.4009,77.5517,77.6887,77.8123,77.9229,78.0209,78.1066,78.1804,78.2424,78.2928,78.3319,78.3597,78.3763,78.3819,
0,1.04884,2.09784,3.14717,4.19697,5.2474,6.29863,7.3508,8.40406,9.45858,10.5145,11.5719,12.631,13.6919,14.7548,15.8197,16.8868,17.9561,19.0278,20.102,21.1788,22.2581,23.3402,24.4249,25.5124,26.6027,27.6957,28.7915,29.8899,30.991,32.0945,33.2005,34.3086,35.4188,36.5308,37.6442,38.7588,39.8742,40.9899,42.1055,43.2203,44.3336,45.4448,46.553,47.6573,48.7567,49.85,50.936,52.0133,53.0805,54.1361,55.1784,56.2056,57.216,58.2078,59.179,60.128,61.0529,61.9522,62.8242,63.6676,64.4813,65.2643,66.016,66.736,67.424,68.0801,68.7046,69.2978,69.8605,70.3932,70.897,71.3727,71.8212,72.2437,72.6411,73.0145,73.3649,73.6933,74.0006,74.2878,74.5557,74.8052,75.0371,75.252,75.4507,75.6337,75.8018,75.9553,76.0949,76.2208,76.3336,76.4336,76.5212,76.5965,76.6598,76.7113,76.7512,76.7797,76.7967,76.8024,
0,1.03187,2.06388,3.09619,4.12893,5.16226,6.19631,7.23123,8.26715,9.30421,10.3425,11.3823,12.4235,13.4664,14.5111,15.5576,16.6061,17.6566,18.7092,19.7641,20.8212,21.8807,22.9425,24.0068,25.0734,26.1424,27.2138,28.2875,29.3634,30.4416,31.5217,32.6038,33.6876,34.7728,35.8593,36.9468,38.0348,39.123,40.2109,41.298,42.3838,43.4675,44.5485,45.6259,46.6989,47.7664,48.8274,49.8807,50.925,51.959,52.9813,53.9903,54.9846,55.9624,56.9221,57.8622,58.7809,59.6768,60.5484,61.3943,62.2134,63.0046,63.767,64.5002,65.2036,65.877,66.5204,67.134,67.7182,68.2734,68.8002,69.2993,69.7715,70.2177,70.6388,71.0356,71.409,71.76,72.0895,72.3984,72.6873,72.9573,73.209,73.4431,73.6604,73.8614,74.0468,74.2172,74.3729,74.5146,74.6425,74.7572,74.8589,74.9479,75.0245,75.089,75.1415,75.1821,75.2111,75.2284,75.2342,
0,1.01474,2.02962,3.04477,4.06031,5.07639,6.09313,7.11066,8.1291,9.14858,10.1692,11.1911,12.2144,13.2392,14.2655,15.2935,16.3233,17.3549,18.3884,19.4239,20.4614,21.5009,22.5425,23.5862,24.6319,25.6797,26.7295,27.7812,28.8348,29.8901,30.9471,32.0054,33.065,34.1256,35.187,36.2487,37.3105,38.372,39.4327,40.492,41.5494,42.6042,43.6558,44.7033,45.7459,46.7826,47.8125,48.8343,49.847,50.8492,51.8398,52.8172,53.78,54.7269,55.6562,56.5667,57.4567,58.3251,59.1703,59.9913,60.7871,61.5566,62.2991,63.0141,63.7011,64.3599,64.9905,65.593,66.1676,66.7146,67.2348,67.7285,68.1964,68.6394,69.0581,69.4533,69.826,70.1767,70.5065,70.8159,71.1059,71.3771,71.6303,71.866,72.085,72.2878,72.475,72.6472,72.8047,72.948,73.0776,73.1937,73.2968,73.387,73.4647,73.5301,73.5834,73.6247,73.6541,73.6717,73.6775,
0,0.997488,1.9951,2.99295,3.99117,4.98987,5.98917,6.98918,7.99002,8.9918,9.99461,10.9986,12.0038,13.0103,14.0183,15.0277,16.0387,17.0513,18.0656,19.0817,20.0995,21.119,22.1404,23.1635,24.1884,25.215,26.2433,27.2731,28.3044,29.3371,30.3709,31.4058,32.4415,33.4777,34.5142,35.5506,36.5867,37.6219,38.6557,39.6878,40.7175,41.7442,42.7671,43.7856,44.7988,45.8057,46.8055,47.7971,48.7794,49.7512,50.7113,51.6585,52.5914,53.5088,54.4093,55.2915,56.1543,56.9963,57.8165,58.6137,59.387,60.1356,60.8587,61.5559,62.2268,62.8711,63.4887,64.0798,64.6444,65.1829,65.6957,66.1834,66.6463,67.0853,67.5009,67.8938,68.2647,68.6144,68.9436,69.253,69.5432,69.815,70.0689,70.3057,70.5258,70.7298,70.9183,71.0918,71.2506,71.3952,71.526,71.6433,71.7475,71.8387,71.9173,71.9835,72.0374,72.0791,72.1089,72.1267,72.1326,
0,0.980111,1.96033,2.94077,3.92154,4.90274,5.88449,6.86687,7.85,8.83397,9.81887,10.8048,11.7918,12.78,13.7695,14.7603,15.7525,16.7461,17.7412,18.7377,19.7358,20.7354,21.7365,22.7391,23.7432,24.7487,25.7555,26.7635,27.7727,28.7828,29.7938,30.8054,31.8174,32.8295,33.8415,34.853,35.8636,36.873,37.8807,38.8861,39.8887,40.8879,41.883,42.8732,43.8579,44.836,45.8068,46.7693,47.7223,48.6649,49.5959,50.5141,51.4185,52.3077,53.1805,54.0359,54.8726,55.6895,56.4856,57.2599,58.0116,58.74,59.4443,60.1241,60.7791,61.4089,62.0135,62.593,63.1474,63.6769,64.182,64.6629,65.1203,65.5545,65.9663,66.3562,66.7248,67.0727,67.4006,67.7092,67.999,68.2707,68.5248,68.762,68.9827,69.1874,69.3767,69.551,69.7107,69.8562,69.9879,70.1061,70.2111,70.303,70.3823,70.4491,70.5034,70.5456,70.5756,70.5936,70.5996,
0,0.962624,1.92535,2.88827,3.85148,4.81508,5.77916,6.74382,7.70915,8.67522,9.64212,10.6099,11.5787,12.5485,13.5195,14.4916,15.4648,16.4394,17.4152,18.3922,19.3706,20.3502,21.3312,22.3133,23.2966,24.281,25.2665,26.2528,27.24,28.2278,29.2161,30.2046,31.1931,32.1815,33.1693,34.1562,35.1419,36.1259,37.1078,38.0871,39.0633,40.0357,41.0036,41.9665,42.9234,43.8737,44.8165,45.7508,46.6757,47.5901,48.4932,49.3837,50.2606,51.1228,51.9693,52.7989,53.6106,54.4035,55.1765,55.9288,56.6597,57.3684,58.0544,58.7172,59.3565,59.972,60.5636,61.1313,61.6751,62.1954,62.6923,63.1661,63.6173,64.0463,64.4537,64.8399,65.2054,65.551,65.877,66.1842,66.473,66.744,66.9977,67.2347,67.4555,67.6604,67.8501,68.0248,68.185,68.3311,68.4634,68.5821,68.6876,68.7801,68.8599,68.927,68.9818,69.0242,69.0544,69.0725,69.0786,
0,0.945039,1.89016,2.83547,3.78103,4.72693,5.67327,6.62011,7.56754,8.51563,9.46445,10.4141,11.3645,12.3159,13.2683,14.2216,15.176,16.1314,17.0879,18.0455,19.0041,19.9638,20.9246,21.8863,22.8489,23.8123,24.7765,25.7414,26.7067,27.6723,28.6381,29.6038,30.5692,31.534,32.4979,33.4606,34.4218,35.3809,36.3376,37.2913,38.2416,39.1879,40.1294,41.0656,41.9957,42.919,43.8346,44.7417,45.6395,46.5269,47.403,48.2668,49.1174,49.9538,50.7749,51.5798,52.3676,53.1373,53.888,54.6191,55.3298,56.0195,56.6877,57.3338,57.9576,58.5589,59.1375,59.6934,60.2266,60.7373,61.2256,61.6919,62.1365,62.5598,62.9622,63.3442,63.7062,64.0487,64.3723,64.6775,64.9647,65.2345,65.4873,65.7237,65.944,66.1488,66.3384,66.5132,66.6735,66.8198,66.9523,67.0714,67.1772,67.27,67.35,67.4174,67.4724,67.515,67.5454,67.5635,67.5696,
0,0.927366,1.85481,2.78241,3.71023,4.63836,5.56687,6.49582,7.42528,8.35532,9.28599,10.2174,11.1495,12.0823,13.016,13.9506,14.886,15.8223,16.7596,17.6976,18.6366,19.5764,20.517,21.4583,22.4003,23.3429,24.286,25.2294,26.173,27.1166,28.0601,29.0032,29.9457,30.8874,31.8278,32.7667,33.7037,34.6384,35.5703,36.499,37.424,38.3447,39.2605,40.1708,41.0748,41.9719,42.8612,43.7421,44.6136,45.4749,46.325,47.1632,47.9885,48.8,49.5968,50.3779,51.1426,51.89,52.6193,53.3299,54.021,54.6922,55.3429,55.9727,56.5814,57.1685,57.7342,58.2782,58.8006,59.3014,59.781,60.2394,60.6771,61.0942,61.4912,61.8684,62.2263,62.5654,62.8861,63.1887,63.4739,63.742,63.9935,64.2287,64.4482,64.6523,64.8415,65.0159,65.1761,65.3223,65.4548,65.5738,65.6797,65.7726,65.8527,65.9203,65.9753,66.018,66.0485,66.0667,66.0728,
0,0.909617,1.8193,2.72912,3.63914,4.54942,5.46002,6.37101,7.28245,8.19438,9.10685,10.0199,10.9336,11.848,12.763,13.6787,14.5952,15.5124,16.4303,17.349,18.2682,19.1882,20.1087,21.0297,21.9512,22.873,23.7951,24.7172,25.6393,26.5612,27.4826,28.4034,29.3232,30.2419,31.1592,32.0746,32.9879,33.8986,34.8063,35.7105,36.6108,37.5065,38.3972,39.2822,40.1609,41.0325,41.8964,42.7518,43.5979,44.434,45.2591,46.0726,46.8734,47.6609,48.4342,49.1925,49.9349,50.6608,51.3694,52.0601,52.7322,53.3854,54.0191,54.6329,55.2265,55.7998,56.3525,56.8846,57.396,57.887,58.3575,58.8078,59.2381,59.6487,60.0399,60.412,60.7654,61.1005,61.4178,61.7175,62.0002,62.2661,62.5158,62.7495,62.9678,63.1709,63.3592,63.533,63.6927,63.8385,63.9707,64.0895,64.1952,64.288,64.3681,64.4356,64.4906,64.5333,64.5638,64.582,64.5881,
0,0.891801,1.78366,2.67563,3.56778,4.46015,5.35279,6.24577,7.13912,8.03289,8.92712,9.82184,10.7171,11.6129,12.5092,13.4062,14.3037,15.2018,16.1004,16.9996,17.8993,18.7994,19.6999,20.6007,21.5018,22.4029,23.3041,24.2051,25.1059,26.0061,26.9057,27.8044,28.7019,29.598,30.4924,31.3847,32.2746,33.1618,34.0457,34.9259,35.802,36.6734,37.5396,38.4,39.254,40.1009,40.94,41.7708,42.5923,43.4039,44.2049,44.9944,45.7718,46.5361,47.2867,48.0228,48.7438,49.4488,50.1373,50.8087,51.4625,52.0981,52.7151,53.3132,53.8921,54.4515,54.9914,55.5116,56.0121,56.4929,56.9542,57.3962,57.8189,58.2226,58.6076,58.9742,59.3228,59.6536,59.967,60.2634,60.5431,60.8065,61.054,61.2859,61.5025,61.7042,61.8914,62.0643,62.2231,62.3682,62.4999,62.6183,62.7237,62.8162,62.8961,62.9634,63.0183,63.0609,63.0913,63.1095,63.1155,
0,0.873927,1.7479,2.62198,3.49619,4.3706,5.24524,6.12015,6.99537,7.87095,8.74689,9.62325,10.5,11.3772,12.2549,13.133,14.0116,14.8906,15.77,16.6497,17.5298,18.4102,19.2908,20.1715,21.0522,21.9328,22.8132,23.6933,24.5729,25.4517,26.3297,27.2065,28.082,28.9558,29.8276,30.6972,31.5642,32.4282,33.2888,34.1455,34.9979,35.8455,36.6878,37.5242,38.3541,39.177,39.9921,40.7989,41.5966,42.3846,43.1622,43.9285,44.6831,45.425,46.1537,46.8684,47.5685,48.2534,48.9224,49.5751,50.2109,50.8293,51.4301,52.0127,52.5771,53.1229,53.65,54.1583,54.6478,55.1185,55.5704,56.0037,56.4186,56.8152,57.1938,57.5546,57.8979,58.224,58.5333,58.8259,59.1024,59.3629,59.6078,59.8375,60.0522,60.2522,60.4379,60.6095,60.7673,60.9115,61.0424,61.1602,61.265,61.3571,61.4366,61.5036,61.5583,61.6007,61.631,61.6491,61.6551,
0,0.856006,1.71205,2.56818,3.42442,4.28082,5.13741,5.99422,6.85128,7.70863,8.56627,9.42423,10.2825,11.1412,12.0001,12.8594,13.719,14.579,15.4391,16.2995,17.1601,18.0208,18.8815,19.7422,20.6027,21.4629,22.3228,23.182,24.0406,24.8983,25.7548,26.6101,27.4637,28.3155,29.1652,30.0124,30.8568,31.698,32.5357,33.3694,34.1986,35.023,35.8419,36.6549,37.4614,38.2608,39.0526,39.8361,40.6107,41.3757,42.1306,42.8745,43.6069,44.3272,45.0346,45.7286,46.4085,47.0738,47.7239,48.3583,48.9766,49.5783,50.1631,50.7306,51.2806,51.8129,52.3274,52.8238,53.3023,53.7627,54.2052,54.6298,55.0366,55.4259,55.7977,56.1525,56.4902,56.8114,57.1161,57.4047,57.6775,57.9348,58.1769,58.404,58.6165,58.8145,58.9985,59.1686,59.325,59.4681,59.598,59.7149,59.8191,59.9105,59.9895,60.0561,60.1105,60.1527,60.1828,60.2008,60.2068,
0,0.838044,1.67612,2.51426,3.35249,4.19085,5.02936,5.86804,6.70692,7.54601,8.38533,9.22489,10.0647,10.9047,11.745,12.5855,13.4262,14.2671,15.1081,15.9492,16.7903,17.6314,18.4723,19.3131,20.1535,20.9934,21.8328,22.6715,23.5092,24.3459,25.1813,26.0152,26.8473,27.6774,28.5052,29.3303,30.1525,30.9714,31.7866,32.5977,33.4043,34.2058,35.0019,35.7921,36.5757,37.3523,38.1214,38.8822,39.6343,40.3771,41.1098,41.832,42.543,43.2422,43.929,44.6028,45.2631,45.9094,46.5411,47.1577,47.7589,48.3442,48.9134,49.466,50.0019,50.5209,51.0227,51.5074,51.9748,52.4249,52.8578,53.2735,53.6722,54.0539,54.4189,54.7672,55.0992,55.4151,55.715,55.9994,56.2683,56.522,56.7609,56.9852,57.1951,57.391,57.5729,57.7413,57.8962,58.0379,58.1666,58.2825,58.3858,58.4765,58.5549,58.621,58.6749,58.7168,58.7467,58.7646,58.7705,
0,0.820051,1.64013,2.46025,3.28045,4.10073,4.92113,5.74166,6.56234,7.38316,8.20415,9.0253,9.84661,10.6681,11.4897,12.3114,13.1332,13.9551,14.777,15.5988,16.4205,17.2421,18.0634,18.8843,19.7047,20.5245,21.3436,22.1618,22.979,23.7949,24.6093,25.4221,26.2329,27.0416,27.8478,28.6512,29.4516,30.2485,31.0416,31.8306,32.6149,33.3942,34.1679,34.9357,35.6971,36.4515,37.1983,37.9371,38.6673,39.3884,40.0997,40.8007,41.4909,42.1696,42.8364,43.4906,44.1318,44.7595,45.3733,45.9726,46.557,47.1263,47.6801,48.2181,48.7401,49.2459,49.7353,50.2082,50.6646,51.1044,51.5277,51.9344,52.3247,52.6987,53.0566,53.3984,53.7244,54.0347,54.3297,54.6094,54.8741,55.1241,55.3596,55.5808,55.7879,55.9813,56.161,56.3274,56.4805,56.6207,56.7481,56.8628,56.965,57.0548,57.1325,57.1979,57.2514,57.2929,57.3225,57.3403,57.3462,
0,0.802034,1.60409,2.40617,3.20831,4.01051,4.81278,5.61515,6.4176,7.22016,8.02281,8.82556,9.62839,10.4313,11.2342,12.0372,12.8402,13.6431,14.4459,15.2485,16.0509,16.853,17.6547,18.4559,19.2565,20.0564,20.8553,21.6532,22.45,23.2453,24.039,24.8309,25.6207,26.4083,27.1932,27.9752,28.7541,29.5294,30.3009,31.068,31.8305,32.588,33.3399,34.0859,34.8254,35.5581,36.2833,37.0006,37.7095,38.4094,39.0999,39.7803,40.4502,41.109,41.7563,42.3914,43.0141,43.6237,44.2199,44.8022,45.3704,45.924,46.4627,46.9863,47.4946,47.9873,48.4643,48.9256,49.371,49.8004,50.214,50.6117,50.9936,51.3598,51.7103,52.0454,52.3652,52.6698,52.9595,53.2344,53.4947,53.7407,53.9725,54.1904,54.3946,54.5852,54.7625,54.9267,55.0779,55.2163,55.3422,55.4555,55.5566,55.6454,55.7222,55.787,55.8399,55.8809,55.9102,55.9278,55.9336,
0,0.784,1.56801,2.35204,3.1361,3.9202,4.70435,5.48854,6.27277,7.05706,7.84138,8.62573,9.4101,10.1945,10.9788,11.763,12.5472,13.3312,14.115,14.8985,15.6817,16.4644,17.2467,18.0283,18.8091,19.5891,20.3681,21.1459,21.9223,22.6973,23.4705,24.2418,25.0108,25.7775,26.5415,27.3025,28.0602,28.8142,29.5644,30.3102,31.0513,31.7873,32.5179,33.2425,33.9607,34.6721,35.3762,36.0726,36.7606,37.44,38.1101,38.7704,39.4206,40.06,40.6882,41.3048,41.9093,42.5013,43.0804,43.6462,44.1983,44.7365,45.2604,45.7699,46.2646,46.7444,47.2092,47.6588,48.0932,48.5124,48.9162,49.3048,49.6782,50.0364,50.3795,50.7077,51.0211,51.3198,51.6041,51.874,52.1297,52.3714,52.5994,52.8138,53.0147,53.2025,53.3771,53.5389,53.688,53.8246,53.9487,54.0606,54.1603,54.2481,54.3239,54.3879,54.4401,54.4807,54.5097,54.527,54.5328,
0,0.765956,1.53192,2.29788,3.06386,3.82986,4.59586,5.36188,6.1279,6.89392,7.65992,8.42589,9.19181,9.95765,10.7234,11.489,12.2544,13.0195,13.7843,14.5488,15.3128,16.0763,16.8392,17.6013,18.3626,19.1228,19.882,20.6398,21.3962,22.151,22.9039,23.6548,24.4034,25.1495,25.8928,26.633,27.3698,28.103,28.8322,29.557,30.2771,30.9922,31.7017,32.4054,33.1028,33.7934,34.4769,35.1528,35.8205,36.4798,37.13,37.7708,38.4016,39.0221,39.6318,40.2303,40.8171,41.3918,41.9541,42.5037,43.0402,43.5632,44.0726,44.5681,45.0495,45.5166,45.9692,46.4073,46.8308,47.2396,47.6337,48.0131,48.3779,48.7281,49.0637,49.3849,49.6917,49.9844,50.263,50.5277,50.7786,51.016,51.2399,51.4506,51.6481,51.8328,52.0047,52.1639,52.3107,52.4452,52.5675,52.6778,52.7761,52.8627,52.9374,53.0006,53.0521,53.0922,53.1207,53.1378,53.1436,
0,0.747907,1.49581,2.24372,2.99161,3.7395,4.48737,5.23522,5.98303,6.7308,7.4785,8.22611,8.97361,9.72096,10.4681,11.2151,11.9618,12.7081,13.4541,14.1996,14.9445,15.6889,16.4325,17.1752,17.917,18.6577,19.3972,20.1353,20.8718,21.6066,22.3394,23.0702,23.7985,24.5242,25.2471,25.9668,26.6832,27.3958,28.1043,28.8086,29.5081,30.2025,30.8915,31.5747,32.2516,32.9219,33.5852,34.241,34.889,35.5286,36.1594,36.7811,37.3931,37.9951,38.5867,39.1674,39.7369,40.2948,40.8407,41.3744,41.8954,42.4036,42.8987,43.3805,43.8487,44.3032,44.7438,45.1704,45.5831,45.9816,46.3659,46.7362,47.0923,47.4343,47.7623,48.0763,48.3765,48.663,48.9358,49.1952,49.4412,49.674,49.8937,50.1005,50.2945,50.4759,50.6448,50.8014,50.9457,51.0781,51.1984,51.307,51.4038,51.489,51.5626,51.6248,51.6756,51.7151,51.7432,51.7601,51.7657,
0,0.72986,1.45971,2.18955,2.91937,3.64916,4.3789,5.10859,5.83821,6.56774,7.29716,8.02644,8.75555,9.48446,10.2131,10.9415,11.6695,12.3971,13.1243,13.8509,14.5769,15.3021,16.0266,16.7501,17.4726,18.1938,18.9138,19.6323,20.3491,21.0641,21.7771,22.4879,23.1962,23.9018,24.6046,25.3041,26.0002,26.6926,27.3809,28.0648,28.7441,29.4183,30.0871,30.7502,31.4071,32.0575,32.701,33.3372,33.9657,34.5861,35.198,35.801,36.3946,36.9785,37.5524,38.1157,38.6683,39.2097,39.7395,40.2576,40.7636,41.2572,41.7382,42.2064,42.6616,43.1036,43.5323,43.9476,44.3494,44.7376,45.1123,45.4733,45.8207,46.1545,46.4748,46.7817,47.0751,47.3552,47.6222,47.8761,48.117,48.345,48.5604,48.7631,48.9534,49.1314,49.2973,49.451,49.5928,49.7228,49.8412,49.9479,50.0431,50.1268,50.1993,50.2605,50.3105,50.3493,50.377,50.3936,50.3991,
0,0.71182,1.42363,2.13541,2.84716,3.55886,4.27049,4.98204,5.69349,6.4048,7.11596,7.82694,8.5377,9.2482,9.95839,10.6682,11.3777,12.0866,12.795,13.5028,14.2099,14.9162,15.6216,16.326,17.0293,17.7313,18.4319,19.1309,19.8282,20.5236,21.217,21.908,22.5966,23.2824,23.9652,24.6449,25.321,25.9934,26.6618,27.3258,27.9851,28.6394,29.2885,29.9318,30.5691,31.2,31.8241,32.4411,33.0506,33.6522,34.2455,34.8302,35.4058,35.9721,36.5285,37.0749,37.6109,38.1361,38.6502,39.1529,39.6441,40.1233,40.5905,41.0453,41.4877,41.9174,42.3343,42.7383,43.1293,43.5073,43.8722,44.224,44.5627,44.8883,45.2009,45.5004,45.787,46.0607,46.3216,46.5699,46.8056,47.0288,47.2396,47.4382,47.6247,47.7992,47.9618,48.1126,48.2518,48.3793,48.4955,48.6003,48.6937,48.7761,48.8472,48.9073,48.9565,48.9946,49.0218,49.0382,49.0436,
0,0.693792,1.38757,2.08131,2.77501,3.46863,4.16217,4.8556,5.54889,6.24202,6.93495,7.62766,8.32011,9.01224,9.70402,10.3954,11.0863,11.7767,12.4664,13.1555,13.8438,14.5312,15.2177,15.9031,16.5873,17.2701,17.9515,18.6313,19.3093,19.9853,20.6591,21.3307,21.9997,22.6659,23.3291,23.9891,24.6456,25.2984,25.947,26.5914,27.2312,27.866,28.4955,29.1194,29.7375,30.3492,30.9544,31.5525,32.1434,32.7266,33.3017,33.8684,34.4264,34.9753,35.5148,36.0446,36.5642,37.0736,37.5722,38.0599,38.5365,39.0016,39.4551,39.8968,40.3264,40.7439,41.1491,41.542,41.9223,42.2901,42.6453,42.9879,43.3178,43.6352,43.9399,44.2321,44.5117,44.7789,45.0338,45.2763,45.5067,45.7249,45.9311,46.1255,46.308,46.4789,46.6381,46.7859,46.9222,47.0473,47.1612,47.2639,47.3556,47.4364,47.5062,47.5652,47.6134,47.6509,47.6776,47.6936,47.699,
0,0.67578,1.35154,2.02726,2.70292,3.37849,4.05395,4.72929,5.40445,6.07943,6.75417,7.42865,8.10283,8.77665,9.45006,10.123,10.7955,11.4673,12.1385,12.8089,13.4785,14.1472,14.8149,15.4814,16.1466,16.8105,17.4728,18.1334,18.7922,19.449,20.1037,20.7559,21.4055,22.0524,22.6963,23.3369,23.974,24.6073,25.2366,25.8617,26.4821,27.0977,27.7081,28.313,28.9121,29.5051,30.0916,30.6713,31.2439,31.809,32.3663,32.9154,33.4561,33.988,34.5109,35.0243,35.528,36.0217,36.5052,36.9781,37.4403,37.8915,38.3315,38.7602,39.1773,39.5828,39.9764,40.3581,40.7279,41.0855,41.431,41.7644,42.0856,42.3946,42.6915,42.9763,43.2489,43.5095,43.7582,43.9949,44.2199,44.4331,44.6346,44.8245,45.003,45.1701,45.3259,45.4705,45.604,45.7265,45.838,45.9387,46.0285,46.1076,46.1761,46.2339,46.2812,46.3179,46.3441,46.3598,46.3651,
0,0.657788,1.31555,1.97327,2.63091,3.28846,3.94588,4.60314,5.26021,5.91707,6.57366,7.22995,7.8859,8.54146,9.19657,9.85117,10.5052,11.1586,11.8113,12.4632,13.1142,13.7642,14.4132,15.0609,15.7073,16.3523,16.9958,17.6374,18.2772,18.915,19.5506,20.1837,20.8142,21.4419,22.0666,22.6881,23.3061,23.9203,24.5305,25.1365,25.738,26.3347,26.9263,27.5124,28.0929,28.6674,29.2356,29.7972,30.3518,30.8992,31.439,31.9709,32.4946,33.0099,33.5163,34.0137,34.5017,34.9801,35.4486,35.907,36.3551,36.7926,37.2193,37.6352,38.0399,38.4334,38.8156,39.1863,39.5455,39.893,40.2289,40.5531,40.8655,41.1663,41.4552,41.7325,41.9982,42.2521,42.4945,42.7254,42.9448,43.1529,43.3496,43.5351,43.7094,43.8727,44.0249,44.1663,44.2968,44.4166,44.5257,44.6242,44.7121,44.7896,44.8566,44.9132,44.9595,44.9954,45.0211,45.0365,45.0416,
0,0.63982,1.27961,1.91935,2.55901,3.19855,3.83796,4.47718,5.1162,5.75497,6.39345,7.0316,7.66937,8.30672,8.94358,9.57989,10.2156,10.8506,11.4849,12.1183,12.7508,13.3823,14.0126,14.6418,15.2695,15.8958,16.5204,17.1433,17.7643,18.3832,18.9999,19.6141,20.2257,20.8345,21.4403,22.0428,22.6419,23.2373,23.8287,24.4159,24.9987,25.5767,26.1498,26.7175,27.2797,27.8361,28.3863,28.93,29.467,29.9969,30.5196,31.0345,31.5416,32.0405,32.5308,33.0125,33.4851,33.9484,34.4022,34.8463,35.2805,35.7044,36.1181,36.5213,36.9137,37.2955,37.6663,38.026,38.3747,38.7122,39.0385,39.3535,39.6572,39.9496,40.2307,40.5005,40.759,41.0063,41.2424,41.4673,41.6812,41.884,42.0758,42.2568,42.4269,42.5862,42.7349,42.8729,43.0004,43.1174,43.224,43.3203,43.4062,43.4819,43.5474,43.6028,43.6481,43.6832,43.7083,43.7234,43.7284,
0,0.62188,1.24373,1.86552,2.48722,3.10879,3.73021,4.35144,4.97243,5.59316,6.21357,6.83363,7.45328,8.07247,8.69114,9.30923,9.92668,10.5434,11.1593,11.7744,12.3885,13.0015,13.6134,14.224,14.8332,15.4409,16.0469,16.6511,17.2534,17.8536,18.4516,19.0471,19.64,20.2301,20.8172,21.401,21.9814,22.5582,23.1311,23.6998,24.2641,24.8238,25.3786,25.9282,26.4724,27.0109,27.5434,28.0696,28.5892,29.1021,29.6078,30.1061,30.5968,31.0796,31.5541,32.0203,32.4777,32.9262,33.3656,33.7955,34.216,34.6266,35.0274,35.418,35.7984,36.1684,36.5279,36.8769,37.2151,37.5426,37.8593,38.1652,38.4602,38.7443,39.0175,39.2797,39.5311,39.7717,40.0014,40.2204,40.4286,40.6261,40.813,40.9893,41.1551,41.3105,41.4554,41.5901,41.7145,41.8287,41.9327,42.0267,42.1106,42.1845,42.2485,42.3026,42.3468,42.3811,42.4056,42.4203,42.4252,
0,0.60397,1.20791,1.81178,2.41555,3.01919,3.62266,4.22592,4.82894,5.43166,6.03405,6.63606,7.23764,7.83873,8.43928,9.03921,9.63847,10.237,10.8347,11.4314,12.0272,12.6219,13.2154,13.8076,14.3983,14.9876,15.5751,16.1609,16.7447,17.3264,17.9058,18.4828,19.0571,19.6287,20.1973,20.7627,21.3246,21.883,22.4375,22.988,23.5342,24.0758,24.6126,25.1443,25.6708,26.1917,26.7067,27.2157,27.7183,28.2143,28.7034,29.1854,29.66,30.1269,30.5859,31.0368,31.4793,31.9132,32.3383,32.7544,33.1612,33.5588,33.9467,34.325,34.6934,35.0518,35.4002,35.7384,36.0663,36.3839,36.6911,36.9878,37.2741,37.5498,37.8151,38.0699,38.3141,38.5479,38.7712,38.9841,39.1867,39.3788,39.5607,39.7324,39.8938,40.0451,40.1863,40.3175,40.4387,40.55,40.6515,40.7431,40.8249,40.897,40.9594,41.0122,41.0553,41.0888,41.1127,41.1271,41.1319,
0,0.586093,1.17215,1.75814,2.34402,2.92976,3.51532,4.10066,4.68573,5.2705,5.85492,6.43893,7.0225,7.60555,8.18803,8.76988,9.35102,9.93139,10.5109,11.0895,11.6671,12.2435,12.8187,13.3926,13.9651,14.536,15.1052,15.6726,16.238,16.8013,17.3624,17.921,18.477,19.0303,19.5806,20.1277,20.6715,21.2117,21.7481,22.2806,22.8088,23.3325,23.8516,24.3658,24.8747,25.3783,25.8762,26.3682,26.854,27.3334,27.8062,28.272,28.7308,29.1821,29.6258,30.0616,30.4894,30.9089,31.32,31.7224,32.1159,32.5004,32.8758,33.2418,33.5984,33.9453,34.2826,34.6102,34.9278,35.2355,35.5332,35.8209,36.0985,36.3659,36.6233,36.8705,37.1076,37.3346,37.5515,37.7583,37.9551,38.1419,38.3187,38.4856,38.6426,38.7898,38.9272,39.0549,39.1729,39.2813,39.3801,39.4693,39.549,39.6192,39.68,39.7314,39.7735,39.8061,39.8294,39.8434,39.8481,
0,0.568251,1.13646,1.7046,2.27263,2.84051,3.4082,3.97565,4.54284,5.1097,5.67619,6.24226,6.80786,7.37293,7.93741,8.50124,9.06435,9.62666,10.1881,10.7486,11.308,11.8663,12.4234,12.9791,13.5334,14.0861,14.6371,15.1862,15.7335,16.2786,16.8214,17.3619,17.8997,18.4349,18.967,19.4961,20.0219,20.5441,21.0627,21.5773,22.0878,22.594,23.0956,23.5924,24.0841,24.5706,25.0516,25.5269,25.9962,26.4592,26.9159,27.3659,27.8089,28.2449,28.6735,29.0946,29.5079,29.9132,30.3104,30.6993,31.0796,31.4513,31.8142,32.1681,32.5129,32.8486,33.1749,33.4918,33.7993,34.0971,34.3854,34.664,34.933,35.1921,35.4416,35.6813,35.9112,36.1314,36.3418,36.5425,36.7335,36.9149,37.0866,37.2487,37.4013,37.5443,37.6779,37.802,37.9168,38.0221,38.1182,38.205,38.2826,38.3509,38.4101,38.4601,38.501,38.5328,38.5555,38.5691,38.5736,
0,0.550445,1.10085,1.65118,2.2014,2.75145,3.30131,3.85093,4.40026,4.94926,5.49788,6.04606,6.59376,7.14091,7.68746,8.23333,8.77847,9.32279,9.86623,10.4087,10.9501,11.4904,12.0294,12.567,13.1032,13.6378,14.1708,14.7019,15.231,15.7581,16.2829,16.8053,17.3252,17.8424,18.3566,18.8678,19.3758,19.8803,20.3812,20.8782,21.3713,21.86,22.3444,22.824,23.2988,23.7684,24.2327,24.6915,25.1445,25.5915,26.0322,26.4666,26.8942,27.3151,27.7288,28.1353,28.5343,28.9256,29.3091,29.6846,30.052,30.411,30.7615,31.1035,31.4367,31.7611,32.0765,32.383,32.6803,32.9684,33.2473,33.5169,33.7772,34.0281,34.2696,34.5018,34.7245,34.9379,35.1419,35.3364,35.5217,35.6975,35.8641,36.0214,36.1695,36.3083,36.438,36.5585,36.67,36.7723,36.8657,36.95,37.0253,37.0918,37.1493,37.1979,37.2376,37.2685,37.2906,37.3038,37.3083,
0,0.532679,1.06532,1.59788,2.13032,2.66259,3.19467,3.72649,4.25802,4.7892,5.32,5.85035,6.3802,6.9095,7.43817,7.96616,8.49341,9.01982,9.54534,10.0699,10.5933,11.1157,11.6367,12.1564,12.6747,13.1913,13.7063,14.2195,14.7307,15.2398,15.7468,16.2513,16.7534,17.2527,17.7493,18.2428,18.7331,19.2201,19.7035,20.1832,20.6589,21.1305,21.5978,22.0606,22.5185,22.9716,23.4194,23.8619,24.2988,24.7299,25.1551,25.5739,25.9864,26.3923,26.7914,27.1834,27.5683,27.9459,28.3159,28.6782,29.0327,29.3791,29.7175,30.0476,30.3693,30.6826,30.9872,31.2832,31.5705,31.8489,32.1185,32.3791,32.6308,32.8735,33.1071,33.3317,33.5473,33.7538,33.9513,34.1397,34.3191,34.4895,34.6509,34.8034,34.9469,35.0815,35.2073,35.3242,35.4322,35.5315,35.6221,35.7039,35.7771,35.8415,35.8973,35.9445,35.9831,36.0131,36.0346,36.0474,36.0517,
0,0.514953,1.02986,1.54469,2.0594,2.57394,3.08827,3.60235,4.11612,4.62954,5.14257,5.65514,6.1672,6.6787,7.18957,7.69975,8.20917,8.71776,9.22544,9.73213,10.2377,10.7422,11.2454,11.7473,12.2477,12.7465,13.2437,13.739,14.2324,14.7238,15.213,15.6999,16.1842,16.666,17.1449,17.621,18.0939,18.5635,19.0296,19.4921,19.9507,20.4054,20.8558,21.3018,21.7433,22.1799,22.6115,23.0379,23.459,23.8744,24.2841,24.6877,25.0852,25.4764,25.8609,26.2388,26.6098,26.9737,27.3303,27.6796,28.0214,28.3554,28.6817,29.0001,29.3104,29.6126,29.9066,30.1922,30.4695,30.7383,30.9986,31.2503,31.4934,31.7278,31.9536,32.1707,32.3791,32.5788,32.7698,32.952,33.1256,33.2905,33.4467,33.5943,33.7332,33.8636,33.9854,34.0986,34.2033,34.2995,34.3873,34.4666,34.5375,34.5999,34.6541,34.6998,34.7372,34.7663,34.7871,34.7996,34.8037,
0,0.497267,0.994493,1.49164,1.98865,2.4855,2.98213,3.4785,3.97457,4.47028,4.96559,5.46044,5.95477,6.44854,6.94167,7.4341,7.92577,8.4166,8.90652,9.39546,9.88332,10.37,10.8555,11.3396,11.8222,12.3034,12.7828,13.2605,13.7362,14.21,14.6816,15.1509,15.6177,16.082,16.5436,17.0022,17.4579,17.9103,18.3593,18.8048,19.2466,19.6844,20.1182,20.5477,20.9728,21.3932,21.8088,22.2194,22.6247,23.0247,23.4191,23.8077,24.1904,24.567,24.9373,25.3011,25.6583,26.0087,26.3521,26.6885,27.0177,27.3395,27.6539,27.9606,28.2597,28.5509,28.8343,29.1097,29.377,29.6362,29.8873,30.1301,30.3646,30.5909,30.8088,31.0184,31.2196,31.4125,31.5969,31.773,31.9407,32.1001,32.2511,32.3938,32.5281,32.6542,32.772,32.8815,32.9829,33.076,33.1609,33.2376,33.3062,33.3667,33.4191,33.4634,33.4997,33.5278,33.5479,33.56,33.564,
0,0.479624,0.959206,1.4387,1.91807,2.39727,2.87625,3.35497,3.83338,4.31143,4.78907,5.26626,5.74292,6.21901,6.69446,7.16921,7.6432,8.11635,8.5886,9.05986,9.53005,9.99909,10.4669,10.9334,11.3984,11.8619,12.3237,12.7838,13.2421,13.6983,14.1524,14.6043,15.0538,15.5008,15.9451,16.3866,16.8251,17.2605,17.6926,18.1213,18.5463,18.9676,19.3849,19.7981,20.207,20.6113,21.0111,21.406,21.7958,22.1805,22.5599,22.9336,23.3017,23.6639,24.02,24.37,24.7136,25.0506,25.3811,25.7047,26.0214,26.3311,26.6336,26.9289,27.2167,27.4971,27.7699,28.0351,28.2926,28.5423,28.7842,29.0181,29.2442,29.4623,29.6724,29.8745,30.0685,30.2545,30.4325,30.6024,30.7643,30.9181,31.0639,31.2016,31.3314,31.4531,31.5669,31.6727,31.7706,31.8606,31.9427,32.0168,32.0832,32.1416,32.1923,32.2351,32.2702,32.2974,32.3168,32.3285,32.3324,
0,0.462023,0.924004,1.3859,1.84767,2.30926,2.77064,3.23175,3.69255,4.15299,4.61302,5.07259,5.53164,5.99011,6.44795,6.90509,7.36147,7.81702,8.27166,8.72533,9.17793,9.6294,10.0796,10.5286,10.9761,11.422,11.8664,12.3091,12.7499,13.1888,13.6255,14.0601,14.4924,14.9222,15.3494,15.7739,16.1954,16.614,17.0293,17.4413,17.8499,18.2547,18.6557,19.0527,19.4456,19.8342,20.2182,20.5976,20.9722,21.3418,21.7062,22.0653,22.4189,22.7668,23.109,23.4452,23.7754,24.0993,24.4168,24.7278,25.0322,25.3298,25.6206,25.9045,26.1812,26.4509,26.7132,26.9683,27.216,27.4562,27.689,27.9141,28.1317,28.3417,28.544,28.7386,28.9255,29.1047,29.2761,29.4399,29.5958,29.7441,29.8847,30.0175,30.1426,30.26,30.3698,30.4719,30.5663,30.6531,30.7323,30.8039,30.8679,30.9244,30.9733,31.0146,31.0485,31.0748,31.0935,31.1048,31.1086,
0,0.444465,0.888887,1.33322,1.77743,2.22147,2.66528,3.10884,3.55208,3.99496,4.43743,4.87944,5.32094,5.76186,6.20215,6.64174,7.08058,7.51859,7.95571,8.39186,8.82696,9.26094,9.6937,10.1252,10.5552,10.9838,11.4108,11.8362,12.2597,12.6813,13.1009,13.5183,13.9335,14.3462,14.7565,15.1641,15.5688,15.9707,16.3694,16.7649,17.1571,17.5456,17.9305,18.3116,18.6886,19.0615,19.43,19.7941,20.1535,20.5081,20.8578,21.2024,21.5417,21.8756,22.2039,22.5266,22.8434,23.1542,23.459,23.7575,24.0497,24.3355,24.6146,24.8872,25.1529,25.4119,25.6639,25.9089,26.1468,26.3777,26.6013,26.8177,27.0269,27.2287,27.4232,27.6104,27.7902,27.9625,28.1275,28.285,28.4352,28.5779,28.7132,28.841,28.9615,29.0746,29.1803,29.2787,29.3696,29.4533,29.5296,29.5986,29.6603,29.7147,29.7618,29.8017,29.8343,29.8596,29.8777,29.8886,29.8922,
0,0.42695,0.853857,1.28068,1.70737,2.13389,2.5602,2.98624,3.41197,3.83734,4.26231,4.68681,5.11081,5.53423,5.95703,6.37915,6.80051,7.22106,7.64073,8.05944,8.47712,8.89369,9.30907,9.72318,10.1359,10.5472,10.9569,11.365,11.7714,12.1758,12.5783,12.9787,13.3769,13.7728,14.1662,14.5571,14.9452,15.3305,15.7127,16.0919,16.4678,16.8403,17.2092,17.5744,17.9358,18.2931,18.6463,18.9952,19.3396,19.6795,20.0146,20.3448,20.6699,20.9899,21.3046,21.6138,21.9174,22.2153,22.5074,22.7936,23.0737,23.3476,23.6153,23.8766,24.1315,24.3798,24.6215,24.8565,25.0848,25.3063,25.5209,25.7286,25.9294,26.1231,26.3099,26.4896,26.6622,26.8278,26.9863,27.1376,27.2819,27.419,27.5491,27.672,27.7878,27.8966,27.9982,28.0928,28.1803,28.2608,28.3342,28.4006,28.4599,28.5123,28.5576,28.596,28.6274,28.6518,28.6692,28.6796,28.6831,
0,0.409477,0.818912,1.22826,1.63749,2.04654,2.45537,2.86395,3.27222,3.68013,4.08764,4.4947,4.90125,5.30724,5.71261,6.11731,6.52126,6.92442,7.3267,7.72805,8.12839,8.52763,8.92572,9.32256,9.71806,10.1121,10.5047,10.8957,11.2849,11.6724,12.0579,12.4414,12.8227,13.2018,13.5785,13.9528,14.3244,14.6932,15.0592,15.4221,15.782,16.1385,16.4916,16.8411,17.1869,17.5289,17.8669,18.2008,18.5304,18.8556,19.1762,19.4922,19.8033,20.1095,20.4107,20.7066,20.9971,21.2823,21.5618,21.8357,22.1038,22.3661,22.6223,22.8725,23.1165,23.3543,23.5858,23.8109,24.0296,24.2418,24.4474,24.6464,24.8388,25.0245,25.2036,25.3759,25.5414,25.7002,25.8522,25.9973,26.1357,26.2673,26.3921,26.5101,26.6213,26.7256,26.8232,26.914,26.9981,27.0753,27.1458,27.2096,27.2666,27.3169,27.3604,27.3973,27.4274,27.4509,27.4676,27.4777,27.481,
0,0.392047,0.784053,1.17597,1.56777,1.9594,2.35081,2.74197,3.13282,3.52333,3.91343,4.30309,4.69226,5.08086,5.46887,5.8562,6.24282,6.62864,7.01362,7.39767,7.78074,8.16275,8.54362,8.92327,9.30162,9.67859,10.0541,10.428,10.8003,11.1708,11.5395,11.9062,12.2708,12.6332,12.9934,13.3511,13.7063,14.0589,14.4087,14.7555,15.0994,15.4401,15.7775,16.1115,16.4419,16.7687,17.0916,17.4106,17.7255,18.0362,18.3426,18.6444,18.9417,19.2343,19.5219,19.8047,20.0823,20.3548,20.6219,20.8836,21.1399,21.3905,21.6354,21.8746,22.1078,22.3352,22.5565,22.7718,22.9809,23.1838,23.3805,23.5709,23.755,23.9327,24.104,24.2689,24.4273,24.5793,24.7248,24.8639,24.9964,25.1224,25.242,25.355,25.4615,25.5615,25.655,25.742,25.8226,25.8966,25.9642,26.0253,26.08,26.1282,26.17,26.2053,26.2342,26.2567,26.2727,26.2824,26.2856,
0,0.374659,0.749277,1.12381,1.49823,1.87247,2.24651,2.62029,2.99378,3.36692,3.73967,4.11199,4.48381,4.8551,5.22579,5.59583,5.96516,6.33372,6.70145,7.06829,7.43416,7.799,8.16273,8.52528,8.88657,9.24651,9.60503,9.96203,10.3174,10.6711,11.023,11.373,11.721,12.0669,12.4106,12.752,13.0909,13.4273,13.761,14.092,14.42,14.745,15.0669,15.3855,15.7007,16.0123,16.3203,16.6246,16.9249,17.2212,17.5134,17.8013,18.0848,18.3638,18.6382,18.9079,19.1727,19.4326,19.6874,19.9371,20.1815,20.4206,20.6543,20.8825,21.1051,21.322,21.5333,21.7387,21.9384,22.1321,22.3199,22.5017,22.6775,22.8472,23.0108,23.1684,23.3197,23.465,23.604,23.7369,23.8636,23.984,24.0983,24.2064,24.3082,24.4039,24.4933,24.5765,24.6536,24.7244,24.7891,24.8475,24.8998,24.946,24.9859,25.0198,25.0474,25.0689,25.0843,25.0935,25.0966,
0,0.357313,0.714585,1.07178,1.42885,1.78575,2.14246,2.49891,2.85508,3.21091,3.56635,3.92137,4.27591,4.62993,4.98336,5.33616,5.68827,6.03963,6.39019,6.73987,7.08862,7.43636,7.78303,8.12856,8.47286,8.81586,9.15749,9.49765,9.83625,10.1732,10.5085,10.8419,11.1734,11.5028,11.8302,12.1553,12.4781,12.7984,13.1162,13.4313,13.7436,14.0531,14.3595,14.6628,14.9629,15.2596,15.5528,15.8424,16.1283,16.4104,16.6885,16.9625,17.2324,17.498,17.7592,18.0159,18.268,18.5154,18.758,18.9958,19.2285,19.4562,19.6787,19.896,20.108,20.3146,20.5158,20.7116,20.9017,21.0863,21.2652,21.4385,21.606,21.7678,21.9238,22.074,22.2183,22.3568,22.4894,22.6161,22.7369,22.8519,22.9609,23.064,23.1612,23.2524,23.3378,23.4172,23.4908,23.5584,23.6201,23.6759,23.7259,23.7699,23.8081,23.8404,23.8668,23.8873,23.902,23.9108,23.9137,
0,0.340006,0.679973,1.01986,1.35963,1.69924,2.03865,2.37783,2.71671,3.05527,3.39346,3.73123,4.06854,4.40534,4.74157,5.07719,5.41213,5.74636,6.07979,6.41239,6.74408,7.0748,7.40448,7.73306,8.06046,8.3866,8.71141,9.03482,9.35673,9.67707,9.99574,10.3127,10.6277,10.9409,11.252,11.5609,11.8677,12.1721,12.474,12.7734,13.0702,13.3642,13.6553,13.9434,14.2285,14.5103,14.7889,15.064,15.3355,15.6035,15.8676,16.128,16.3843,16.6366,16.8847,17.1286,17.3681,17.6031,17.8336,18.0594,18.2805,18.4969,18.7083,18.9148,19.1163,19.3126,19.5039,19.6899,19.8707,20.0462,20.2163,20.3811,20.5404,20.6942,20.8426,20.9854,21.1227,21.2545,21.3807,21.5012,21.6162,21.7256,21.8294,21.9275,22.02,22.1069,22.1882,22.2638,22.3339,22.3983,22.457,22.5102,22.5578,22.5997,22.6361,22.6669,22.692,22.7116,22.7256,22.7339,22.7367,
0,0.322739,0.645441,0.968066,1.29058,1.61293,1.93509,2.25702,2.57868,2.90001,3.22099,3.54156,3.86169,4.18131,4.50039,4.81888,5.13672,5.45386,5.77025,6.08582,6.40051,6.71428,7.02704,7.33874,7.64931,7.95867,8.26675,8.57348,8.87878,9.18257,9.48477,9.78529,10.084,10.3809,10.6759,10.9688,11.2596,11.5482,11.8344,12.1182,12.3995,12.6781,12.9541,13.2271,13.4973,13.7644,14.0283,14.2891,14.5464,14.8003,15.0507,15.2974,15.5403,15.7794,16.0145,16.2456,16.4726,16.6953,16.9137,17.1278,17.3374,17.5424,17.7429,17.9386,18.1296,18.3158,18.4971,18.6736,18.845,19.0114,19.1728,19.329,19.4802,19.6261,19.7669,19.9024,20.0327,20.1578,20.2775,20.392,20.5011,20.605,20.7035,20.7967,20.8845,20.967,21.0442,21.1161,21.1826,21.2438,21.2996,21.3501,21.3953,21.4352,21.4697,21.4989,21.5228,21.5414,21.5547,21.5627,21.5653,
0,0.305511,0.610985,0.916385,1.22167,1.52681,1.83177,2.13649,2.44096,2.74511,3.04892,3.35234,3.65533,3.95783,4.25982,4.56123,4.86201,5.16213,5.46151,5.76012,6.05789,6.35475,6.65067,6.94556,7.23936,7.53202,7.82345,8.11358,8.40235,8.68968,8.97548,9.25969,9.54221,9.82297,10.1019,10.3788,10.6538,10.9266,11.1972,11.4655,11.7314,11.9948,12.2556,12.5138,12.7691,13.0216,13.2711,13.5175,13.7608,14.0007,14.2373,14.4705,14.7001,14.9261,15.1483,15.3668,15.5813,15.7918,15.9983,16.2007,16.3988,16.5926,16.7821,16.9672,17.1478,17.3239,17.4953,17.6622,17.8243,17.9817,18.1343,18.2822,18.4251,18.5632,18.6964,18.8247,18.948,19.0663,19.1797,19.288,19.3913,19.4896,19.5829,19.6711,19.7543,19.8325,19.9056,19.9736,20.0366,20.0946,20.1475,20.1953,20.2382,20.2759,20.3087,20.3363,20.359,20.3766,20.3892,20.3968,20.3993,
0,0.288319,0.576603,0.864816,1.15292,1.44088,1.72867,2.01623,2.30354,2.59056,2.87724,3.16355,3.44945,3.73488,4.01981,4.30419,4.58798,4.87112,5.15356,5.43526,5.71615,5.99619,6.27531,6.55346,6.83057,7.10659,7.38144,7.65505,7.92736,8.19831,8.4678,8.73577,9.00215,9.26685,9.52979,9.79089,10.0501,10.3072,10.5623,10.8152,11.0658,11.3141,11.5599,11.8032,12.0439,12.2818,12.5169,12.7491,12.9784,13.2045,13.4275,13.6472,13.8636,14.0765,14.286,14.4918,14.694,14.8924,15.087,15.2777,15.4645,15.6472,15.8258,16.0003,16.1705,16.3365,16.4982,16.6555,16.8083,16.9568,17.1007,17.2401,17.375,17.5052,17.6309,17.7519,17.8682,17.9799,18.0868,18.1891,18.2866,18.3794,18.4674,18.5507,18.6292,18.703,18.772,18.8363,18.8958,18.9505,19.0004,19.0456,19.0861,19.1217,19.1526,19.1788,19.2002,19.2168,19.2287,19.2359,19.2382,
0,0.271163,0.542293,0.813354,1.08431,1.35514,1.62579,1.89623,2.16643,2.43634,2.70594,2.97518,3.24403,3.51243,3.78036,4.04776,4.31459,4.58081,4.84636,5.1112,5.37528,5.63855,5.90094,6.16241,6.42289,6.68233,6.94066,7.19782,7.45375,7.70838,7.96164,8.21346,8.46377,8.71249,8.95955,9.20487,9.44837,9.68999,9.92962,10.1672,10.4026,10.6359,10.8668,11.0953,11.3213,11.5448,11.7656,11.9838,12.1991,12.4115,12.6209,12.8273,13.0305,13.2305,13.4272,13.6205,13.8104,13.9968,14.1796,14.3588,14.5342,14.7058,14.8736,15.0375,15.1975,15.3535,15.5054,15.6532,15.7968,15.9363,16.0716,16.2027,16.3294,16.4519,16.57,16.6837,16.7931,16.8981,16.9987,17.0948,17.1866,17.2738,17.3566,17.435,17.5089,17.5783,17.6432,17.7037,17.7596,17.8111,17.8581,17.9007,17.9387,17.9723,18.0014,18.026,18.0461,18.0618,18.073,18.0797,18.0819,
0,0.254042,0.508051,0.761995,1.01584,1.26956,1.52311,1.77647,2.02959,2.28245,2.535,2.78721,3.03905,3.29047,3.54143,3.79189,4.04182,4.29116,4.53988,4.78791,5.03523,5.28177,5.52749,5.77233,6.01625,6.25917,6.50105,6.74183,6.98144,7.21983,7.45692,7.69266,7.92697,8.15979,8.39104,8.62066,8.84857,9.0747,9.29898,9.52132,9.74165,9.9599,10.176,10.3898,10.6013,10.8105,11.0171,11.2212,11.4227,11.6214,11.8174,12.0104,12.2006,12.3878,12.5718,12.7527,12.9304,13.1048,13.2759,13.4435,13.6077,13.7683,13.9254,14.0788,14.2285,14.3745,14.5167,14.655,14.7895,14.9201,15.0468,15.1695,15.2882,15.4028,15.5134,15.62,15.7224,15.8208,15.915,16.0051,16.091,16.1727,16.2503,16.3238,16.393,16.458,16.5189,16.5755,16.628,16.6763,16.7203,16.7602,16.7959,16.8273,16.8546,16.8777,16.8966,16.9113,16.9217,16.928,16.9301,
0,0.236952,0.473874,0.710734,0.947502,1.18415,1.42064,1.65694,1.89302,2.12885,2.3644,2.59962,2.83449,3.06896,3.303,3.53657,3.76963,4.00215,4.23406,4.46535,4.69595,4.92582,5.15492,5.3832,5.61059,5.83706,6.06255,6.287,6.51036,6.73257,6.95356,7.17328,7.39167,7.60865,7.82418,8.03817,8.25056,8.46128,8.67027,8.87745,9.08276,9.28611,9.48745,9.68669,9.88377,10.0786,10.2711,10.4613,10.649,10.8341,11.0167,11.1966,11.3737,11.5481,11.7196,11.8881,12.0537,12.2162,12.3756,12.5318,12.6847,12.8344,12.9808,13.1237,13.2632,13.3993,13.5318,13.6608,13.7861,13.9079,14.0259,14.1403,14.2509,14.3578,14.461,14.5603,14.6559,14.7476,14.8354,14.9194,14.9996,15.0758,15.1482,15.2167,15.2813,15.342,15.3988,15.4516,15.5006,15.5456,15.5867,15.6239,15.6572,15.6866,15.712,15.7336,15.7512,15.7649,15.7747,15.7806,15.7825,
0,0.219893,0.439758,0.659565,0.879285,1.09889,1.31835,1.53763,1.75671,1.97555,2.19412,2.41238,2.63032,2.84788,3.06504,3.28176,3.498,3.71372,3.92889,4.14346,4.3574,4.57065,4.78318,4.99493,5.20587,5.41594,5.62509,5.83327,6.04044,6.24652,6.45148,6.65525,6.85777,7.05899,7.25884,7.45727,7.65421,7.8496,8.04337,8.23547,8.42581,8.61435,8.80101,8.98572,9.16843,9.34905,9.52753,9.7038,9.87779,10.0494,10.2187,10.3854,10.5497,10.7113,10.8703,11.0265,11.18,11.3307,11.4784,11.6232,11.7651,11.9038,12.0395,12.1721,12.3014,12.4276,12.5505,12.6701,12.7863,12.8992,13.0088,13.1148,13.2175,13.3166,13.4123,13.5045,13.5931,13.6782,13.7597,13.8377,13.9121,13.9828,14.05,14.1136,14.1735,14.2298,14.2825,14.3316,14.3771,14.4189,14.457,14.4916,14.5225,14.5498,14.5734,14.5934,14.6097,14.6225,14.6316,14.637,14.6388,
0,0.202864,0.4057,0.608483,0.811185,1.01378,1.21624,1.41853,1.62063,1.82251,2.02414,2.22548,2.42652,2.62721,2.82752,3.02742,3.22688,3.42586,3.62432,3.82222,4.01953,4.21621,4.41221,4.60749,4.80202,4.99573,5.1886,5.38057,5.57159,5.76161,5.95058,6.13846,6.32518,6.51069,6.69494,6.87786,7.05942,7.23953,7.41816,7.59523,7.77068,7.94447,8.11652,8.28677,8.45517,8.62165,8.78615,8.94861,9.10897,9.26717,9.42315,9.57685,9.72822,9.87719,10.0237,10.1677,10.3092,10.448,10.5842,10.7177,10.8484,10.9764,11.1014,11.2236,11.3429,11.4592,11.5725,11.6827,11.7899,11.894,11.995,12.0928,12.1875,12.2789,12.3672,12.4522,12.5339,12.6124,12.6876,12.7595,12.8281,12.8934,12.9554,13.014,13.0693,13.1213,13.17,13.2152,13.2572,13.2958,13.331,13.3629,13.3914,13.4166,13.4384,13.4568,13.4719,13.4837,13.4921,13.4971,13.4988,
0,0.185861,0.371697,0.557483,0.743194,0.928804,1.11429,1.29962,1.48478,1.66973,1.85444,2.0389,2.22307,2.40691,2.59041,2.77353,2.95624,3.13851,3.32029,3.50157,3.6823,3.86244,4.04196,4.22081,4.39897,4.57638,4.75301,4.92881,5.10374,5.27775,5.45079,5.62282,5.79379,5.96365,6.13235,6.29984,6.46606,6.63096,6.79449,6.9566,7.11723,7.27632,7.43382,7.58968,7.74383,7.89623,8.04681,8.19552,8.34231,8.48713,8.62991,8.7706,8.90915,9.04552,9.17964,9.31147,9.44096,9.56807,9.69274,9.81493,9.93461,10.0517,10.1662,10.2781,10.3873,10.4938,10.5975,10.6985,10.7966,10.8919,10.9844,11.074,11.1607,11.2444,11.3253,11.4031,11.478,11.5499,11.6188,11.6847,11.7475,11.8073,11.8641,11.9178,11.9685,12.0162,12.0607,12.1022,12.1406,12.176,12.2083,12.2375,12.2637,12.2867,12.3067,12.3236,12.3375,12.3482,12.3559,12.3606,12.3621,
0,0.168883,0.337743,0.506557,0.675303,0.843956,1.01249,1.18089,1.34913,1.51717,1.68501,1.8526,2.01993,2.18697,2.35369,2.52006,2.68605,2.85164,3.01679,3.18147,3.34565,3.50929,3.67237,3.83484,3.99667,4.15782,4.31825,4.47793,4.63681,4.79485,4.95201,5.10825,5.26352,5.41778,5.57098,5.72308,5.87402,6.02376,6.17226,6.31946,6.46531,6.60977,6.75278,6.89429,7.03425,7.17262,7.30934,7.44436,7.57764,7.70912,7.83875,7.96649,8.09228,8.21609,8.33786,8.45756,8.57513,8.69054,8.80373,8.91468,9.02335,9.12968,9.23366,9.33525,9.4344,9.5311,9.62531,9.717,9.80614,9.89272,9.9767,10.0581,10.1368,10.2129,10.2863,10.357,10.4251,10.4904,10.553,10.6128,10.6699,10.7243,10.7759,10.8247,10.8708,10.9141,10.9545,10.9923,11.0272,11.0593,11.0887,11.1152,11.139,11.16,11.1781,11.1935,11.2061,11.2159,11.2229,11.2271,11.2285,
0,0.151928,0.303835,0.455701,0.607504,0.759224,0.910839,1.06233,1.21367,1.36484,1.51581,1.66657,1.81709,1.96734,2.11731,2.26696,2.41627,2.56521,2.71375,2.86187,3.00954,3.15672,3.30338,3.4495,3.59504,3.73997,3.88425,4.02784,4.17071,4.31283,4.45416,4.59465,4.73426,4.87297,5.01072,5.14747,5.28318,5.41782,5.55132,5.68366,5.81479,5.94466,6.07323,6.20045,6.32627,6.45066,6.57357,6.69495,6.81476,6.93295,7.04949,7.16432,7.2774,7.3887,7.49817,7.60577,7.71147,7.81521,7.91698,8.01672,8.11441,8.21002,8.3035,8.39483,8.48398,8.57092,8.65563,8.73808,8.81824,8.89609,8.97161,9.04479,9.1156,9.18402,9.25005,9.31366,9.37485,9.4336,9.4899,9.54374,9.59511,9.64401,9.69042,9.73435,9.77579,9.81473,9.85117,9.8851,9.91653,9.94545,9.97186,9.99575,10.0171,10.036,10.0524,10.0662,10.0775,10.0863,10.0926,10.0964,10.0977,
0,0.134994,0.269969,0.404907,0.539789,0.674597,0.80931,0.94391,1.07838,1.21269,1.34683,1.48078,1.61451,1.74801,1.88125,2.0142,2.14685,2.27917,2.41114,2.54273,2.67391,2.80466,2.93495,3.06475,3.19403,3.32277,3.45093,3.57847,3.70538,3.83161,3.95714,4.08192,4.20592,4.32911,4.45145,4.5729,4.69343,4.81299,4.93156,5.04908,5.16553,5.28086,5.39503,5.508,5.61973,5.73019,5.83933,5.94711,6.0535,6.15845,6.26193,6.36389,6.46431,6.56314,6.66034,6.75589,6.84975,6.94187,7.03224,7.12082,7.20757,7.29247,7.37549,7.4566,7.53577,7.61299,7.68822,7.76144,7.83264,7.90179,7.96887,8.03387,8.09677,8.15755,8.2162,8.27271,8.32707,8.37926,8.42928,8.47712,8.52276,8.56621,8.60745,8.64649,8.68331,8.71791,8.75029,8.78045,8.80838,8.83408,8.85755,8.87878,8.89779,8.91456,8.92909,8.94139,8.95146,8.95929,8.96488,8.96823,8.96935,
0,0.118078,0.23614,0.35417,0.472149,0.590064,0.707895,0.825627,0.943242,1.06072,1.17805,1.29521,1.41218,1.52894,1.64547,1.76175,1.87777,1.99349,2.10891,2.22399,2.33871,2.45306,2.567,2.68051,2.79357,2.90615,3.01822,3.12975,3.24072,3.3511,3.46086,3.56997,3.67839,3.7861,3.89307,3.99926,4.10464,4.20917,4.31283,4.41558,4.51739,4.61821,4.71802,4.81679,4.91447,5.01103,5.10644,5.20067,5.29367,5.38542,5.47588,5.56502,5.6528,5.7392,5.82418,5.90771,5.98976,6.0703,6.1493,6.22674,6.30258,6.37681,6.44939,6.5203,6.58952,6.65703,6.72281,6.78684,6.84909,6.90955,6.96821,7.02505,7.08005,7.13321,7.1845,7.23392,7.28146,7.32711,7.37085,7.41269,7.45262,7.49062,7.52669,7.56084,7.59305,7.62332,7.65164,7.67802,7.70245,7.72494,7.74547,7.76405,7.78068,7.79535,7.80807,7.81883,7.82763,7.83448,7.83937,7.84231,7.84329,
0,0.101179,0.202344,0.303481,0.404576,0.505613,0.60658,0.70746,0.80824,0.908904,1.00944,1.10982,1.21005,1.31009,1.40994,1.50957,1.60897,1.70813,1.80701,1.90561,2.0039,2.10187,2.19948,2.29673,2.39359,2.49004,2.58604,2.68159,2.77666,2.87121,2.96524,3.0587,3.15158,3.24384,3.33547,3.42643,3.51669,3.60623,3.69502,3.78303,3.87023,3.95658,4.04207,4.12666,4.21033,4.29303,4.37475,4.45545,4.5351,4.61368,4.69116,4.7675,4.84269,4.91668,4.98947,5.06101,5.13128,5.20026,5.26793,5.33425,5.39921,5.46279,5.52495,5.58569,5.64499,5.70282,5.75916,5.814,5.86733,5.91913,5.96938,6.01807,6.06519,6.11073,6.15467,6.19701,6.23774,6.27685,6.31434,6.35018,6.38439,6.41696,6.44787,6.47713,6.50473,6.53066,6.55494,6.57755,6.59848,6.61775,6.63535,6.65127,6.66552,6.6781,6.68899,6.69822,6.70576,6.71163,6.71583,6.71835,6.71918,
0,0.0842942,0.168577,0.252836,0.337059,0.421235,0.505351,0.589395,0.673355,0.757218,0.840971,0.924601,1.00809,1.09144,1.17462,1.25762,1.34043,1.42303,1.5054,1.58754,1.66942,1.75102,1.83234,1.91334,1.99402,2.07436,2.15433,2.23392,2.3131,2.39186,2.47017,2.54802,2.62538,2.70222,2.77854,2.85429,2.92947,3.00404,3.07799,3.15128,3.2239,3.29582,3.36702,3.43747,3.50714,3.57602,3.64407,3.71128,3.77761,3.84305,3.90757,3.97115,4.03376,4.09538,4.15599,4.21557,4.27409,4.33154,4.38789,4.44313,4.49723,4.55017,4.60195,4.65254,4.70192,4.75008,4.79701,4.84269,4.88711,4.93025,4.9721,5.01266,5.05191,5.08984,5.12645,5.16172,5.19565,5.22823,5.25945,5.28932,5.31781,5.34494,5.3707,5.39507,5.41807,5.43968,5.4599,5.47874,5.49618,5.51224,5.5269,5.54017,5.55204,5.56252,5.5716,5.57929,5.58557,5.59047,5.59396,5.59606,5.59676,
0,0.0674211,0.134833,0.202225,0.26959,0.336916,0.404194,0.471414,0.538567,0.605642,0.672628,0.739516,0.806295,0.872953,0.939479,1.00586,1.07209,1.13815,1.20403,1.26972,1.3352,1.40047,1.4655,1.53028,1.5948,1.65905,1.723,1.78665,1.84997,1.91295,1.97558,2.03783,2.09969,2.16114,2.22216,2.28274,2.34285,2.40248,2.46161,2.52022,2.57828,2.63579,2.69272,2.74905,2.80475,2.85983,2.91424,2.96798,3.02101,3.07334,3.12493,3.17576,3.22582,3.27509,3.32356,3.37119,3.41799,3.46392,3.50898,3.55314,3.5964,3.63874,3.68014,3.72059,3.76007,3.79859,3.83611,3.87264,3.90816,3.94266,3.97613,4.00856,4.03995,4.07028,4.09956,4.12776,4.1549,4.18096,4.20593,4.22981,4.25261,4.27431,4.2949,4.3144,4.33279,4.35008,4.36626,4.38132,4.39528,4.40812,4.41985,4.43046,4.43996,4.44834,4.4556,4.46175,4.46678,4.4707,4.47349,4.47517,4.47573,
0,0.0505575,0.101108,0.151644,0.202159,0.252645,0.303095,0.353501,0.403857,0.454154,0.504384,0.554541,0.604615,0.654599,0.704483,0.75426,0.803921,0.853455,0.902855,0.95211,1.00121,1.05015,1.09891,1.14748,1.19586,1.24403,1.29198,1.3397,1.38718,1.4344,1.48135,1.52803,1.57441,1.62048,1.66623,1.71165,1.75671,1.80142,1.84575,1.88969,1.93322,1.97633,2.01901,2.06124,2.10301,2.14429,2.18509,2.22537,2.26513,2.30436,2.34303,2.38114,2.41867,2.45561,2.49194,2.52766,2.56274,2.59717,2.63095,2.66406,2.69649,2.72823,2.75927,2.7896,2.8192,2.84808,2.87621,2.9036,2.93023,2.95609,2.98119,3.00551,3.02904,3.05178,3.07373,3.09489,3.11523,3.13477,3.1535,3.17141,3.1885,3.20477,3.22021,3.23483,3.24863,3.26159,3.27372,3.28502,3.29548,3.30511,3.31391,3.32187,3.32899,3.33528,3.34073,3.34534,3.34911,3.35204,3.35414,3.3554,3.35582,
0,0.033701,0.0673973,0.101084,0.134756,0.16841,0.202039,0.235639,0.269205,0.302732,0.336215,0.369648,0.403026,0.436344,0.469596,0.502775,0.535877,0.568895,0.601823,0.634654,0.667382,0.7,0.732501,0.764878,0.797124,0.829232,0.861193,0.892999,0.924644,0.956118,0.987413,1.01852,1.04943,1.08014,1.11063,1.1409,1.17094,1.20074,1.23028,1.25957,1.28858,1.31731,1.34576,1.3739,1.40174,1.42926,1.45644,1.48329,1.50979,1.53593,1.56171,1.58711,1.61212,1.63674,1.66095,1.68475,1.70813,1.73108,1.7536,1.77566,1.79728,1.81843,1.83912,1.85933,1.87906,1.89831,1.91706,1.93531,1.95306,1.9703,1.98703,2.00324,2.01892,2.03408,2.04871,2.06281,2.07637,2.0894,2.10188,2.11382,2.12521,2.13605,2.14635,2.1561,2.16529,2.17393,2.18202,2.18955,2.19653,2.20295,2.20881,2.21411,2.21886,2.22305,2.22669,2.22976,2.23227,2.23423,2.23563,2.23647,2.23675,
0,0.0168493,0.0336963,0.0505384,0.0673734,0.0841988,0.101012,0.117811,0.134593,0.151355,0.168095,0.18481,0.201498,0.218155,0.23478,0.251368,0.267918,0.284425,0.300887,0.317301,0.333663,0.349971,0.36622,0.382406,0.398527,0.414579,0.430558,0.446459,0.462279,0.478014,0.49366,0.509212,0.524665,0.540017,0.555261,0.570394,0.58541,0.600306,0.615076,0.629716,0.644221,0.658585,0.672805,0.686875,0.70079,0.714545,0.728137,0.741558,0.754806,0.767875,0.780761,0.793458,0.805962,0.818268,0.830373,0.842271,0.853959,0.865433,0.876687,0.887719,0.898524,0.909099,0.919441,0.929545,0.93941,0.94903,0.958405,0.96753,0.976403,0.985022,0.993384,1.00149,1.00933,1.01691,1.02422,1.03127,1.03805,1.04456,1.0508,1.05677,1.06247,1.06789,1.07304,1.07791,1.08251,1.08683,1.09087,1.09464,1.09812,1.10133,1.10427,1.10692,1.10929,1.11139,1.1132,1.11474,1.116,1.11698,1.11767,1.11809,1.11823,
0,0,0,0,0,0,0,0,0,0,0,0,0,0,0,0,0,0,0,0,0,0,0,0,0,0,0,0,0,0,0,0,0,0,0,0,0,0,0,0,0,0,0,0,0,0,0,0,0,0,0,0,0,0,0,0,0,0,0,0,0,0,0,0,0,0,0,0,0,0,0,0,0,0,0,0,0,0,0,0,0,0,0,0,0,0,0,0,0,0,0,0,0,0,0,0,0,0,0,0,0,
